{"M0.0": {"state_text": "Bienvenue dans l'Assistant de Dénonciation de TAKEDOWN. Cet outil vous guidera tout au long du processus de dénonciation du crime. Le processus de dénonciation est entièrement anonyme. Toutes les données demandées seront utilisées pour vous aider à signaler un crime et à générer un rapport qui pourra être envoyé aux autorités compétentes. Afin de fournir les informations les plus précises et pertinentes possibles aux autorités compétentes dans votre cas, cet outil géolocalisera votre adresse IP. Les données seront immédiatement effacées et ne seront pas conservées dans le système. <br> <br> Pour plus d'informations, veuillez consulter le site", "short_text": "Règlement général sur la protection des données", "id": "gdpr_agreement", "state_type": "gdpr", "state_answers": [{"id": "gdpr_agree", "text": "Je comprends que les données personnelles d'autres personnes ne peuvent pas être téléchargées ni partagées via l'Assitant de Dénonciation ni via d'autres sections ou outils de ce site internet"}]}, "M1.1": {"short_text": "Danger imminent", "id": "immediate_danger", "state_text": "êtes vous dans  une situation de danger imminent et devez-vous appeler la police?", "state_type": "yesno"}, "M1.2": {"state_text": "Questionnaire d'information du dénonciateur", "state_type": "composed", "show_header": "false", "state_answers": [{"id": "reporter_age", "text": "Veuillez indiquer votre âge", "short_text": "âge", "type": "text"}, {"id": "reporter_residence", "text": "Quel est votre pays de résidence?", "short_text": "Lieu de résidence", "type": "text"}, {"id": "reporter_gender", "type": "radio", "text": "Veuillez indiquer votre sexe", "short_text": "Sexe", "answers": [{"text": "Homme", "short_text": "Homme", "id": "male"}, {"text": "Femme", "short_text": "Femme", "id": "female"}, {"text": "Autre", "short_text": "Autre", "id": "other"}]}, {"id": "reporter_involvement", "type": "radio", "text": "Quels sont vos antécédents judiciaires?", "short_text": "Rôle du dénonciateur", "answers": [{"text": "Je suis victime d'un acte criminel", "short_text": "Victime", "id": "victim"}, {"text": "Je déconce au nom d'une victime", "short_text": "Dénonciateur au nom d'une victime", "id": "behalfReporter"}, {"text": "Je suis témoin d'un acte criminel", "short_text": "Témoin", "id": "observer"}, {"text": "Autre", "short_text": "Autre", "id": "other"}]}]}, "M1.3": {"state_type": "police_call", "state_text": "Veuillez appeler la police"}, "M1.4": {"state_text": "Veuillez spécifier approximativement le moment où l'incident est survenu", "id": "event_time", "short_text": "Moment de l'incident", "state_type": "datetime"}, "M1.5": {"state_text": "Comment catégoriseriez-vous l'incident?", "short_text": "Type d'incident", "id": "event_category", "state_type": "checkbox", "state_answers": [{"id": "organized_crime", "text": "Crime organisé"}, {"id": "terrorism", "text": "Terrorisme"}, {"id": "money_laundering", "text": "Blanchiment d'argent"}, {"id": "corruption", "text": "Corruption"}, {"id": "document_fraud", "text": "Fraude de document"}, {"id": "human_trafficking", "text": "Traffic humain"}, {"id": "online_radicalization", "text": "Radicalisation en ligne"}, {"id": "child_pornography", "text": "Pornographie infantile"}, {"id": "identity_theft", "text": "Vol d'identité / hameçonnage"}, {"id": "infection_of_systems", "text": "Infection d'un système via un logiciel néfaste"}, {"id": "cyber_abuse", "text": "Harcèlement en ligne / abus"}, {"id": "cyber_fraud", "text": "Fraude en ligne"}, {"id": "other", "text": "Autre"}]}, "M1.6": {"state_text": "Connaissez-vous le suspect personellement?", "short_text": "Information sur le suspect", "id": "info_suspect", "state_type": "yesno"}, "M1.6a": {"state_text": "Connaissez-vous la victime personellement?", "short_text": "Information sur la victime", "id": "info_victim", "state_type": "yesno"}, "M1.7": {"short_text": "Description de l'incident", "state_text": "Veuillez décrir ce qu'il s'est passé", "id": "event_description", "state_type": "description"}, "M1.8": {"state_type": "result"}, "M1.9": {"state_text": "Veuillez spécifier le lieu où le crime à eu lieu. Vous pouvez donner une adresse exacte ou donner une information plus générale sur le lieu", "state_type": "composed", "show_header": "true", "state_answers": [{"id": "crime_loc_address", "text": "TO BE TRANSLATED", "short_text": "TO BE TRANSLATED", "type": "text"}, {"id": "crime_loc_country", "text": "TO BE TRANSLATED", "short_text": "TO BE TRANSLATED", "type": "text"}, {"id": "crime_loc_city", "text": "TO BE TRANSLATED", "short_text": "TO BE TRANSLATED", "type": "text"}, {"id": "crime_loc_postal", "text": "TO BE TRANSLATED", "short_text": "TO BE TRANSLATED", "type": "text"}]}, "M2.1": {"state_text": "Comment le suspect vous a-t-il contacté?", "short_text": "Type de contacte", "state_type": "radio", "id": "contact_type", "state_answers": [{"id": "email", "text": "Adresse email"}, {"id": "phone_sms", "text": "Téléphone ou SMS"}, {"id": "sn_app", "text": "Réseaux sociaux ou application"}, {"id": "website", "text": "Autre site internet"}, {"id": "software", "text": "Autre programme"}, {"id": "other", "text": "Autre"}]}, "M2.2": {"state_text": "Veuillez spécifier l'heure à laquelle vous avez reçu l'email", "short_text": "Heure de réception de l'email", "id": "email_time", "state_type": "datetime"}, "M2.3": {"state_text": "Merci de spécifier l'adresse email de l'expéditeur", "short_text": "L'expéditeur de l'email", "id": "email_sender", "state_type": "text"}, "M2.4": {"state_text": "Veuillez spécifier l'heure à laquelle vous avez reçu l'appel", "short_text": "Heure de l'appel téléphonique", "id": "phone_time", "state_type": "datetime"}, "M2.5": {"state_text": "Veuillez spécifier le numéro de téléphone avec lequel on vous a contacté", "short_text": "Numéro de téléphone du suspect", "id": "phone_number", "state_type": "text"}, "M2.6": {"state_text": "Qu'est-ce que l'on vous a demandé de faire?", "short_text": "Demande malveillante", "state_type": "radio", "id": "request_type", "state_answers": [{"id": "download_open", "text": "Télécharger un fichier - ouvrir une pièce jointe"}, {"id": "link_sensible_data", "text": "Suivre un lien - partager des données sensibles"}, {"id": "other", "text": "Autre"}]}, "M2.7": {"state_text": "Quelle référence le suspect a-t-il utilisé?", "short_text": "Référence malveillante", "id": "request_reference", "state_type": "text"}, "M2.8": {"state_text": "Veuillez spécifier la manière dont vous avez été contacté (moyen de communication, plateforme ou autre service)", "short_text": "Moyen de communication malveillant", "id": "communication_channel", "state_type": "text"}, "M2.9": {"state_text": "Via quel réseau social le suspect vous a-t-il contacté?", "short_text": "Contact social network", "state_type": "radio", "id": "sn_type", "state_answers": [{"id": "facebook", "text": "Facebook"}, {"id": "whatsapp", "text": "WhatsApp"}, {"id": "telegram", "text": "Telegram"}, {"id": "google_plus", "text": "Google+"}, {"id": "other", "text": "Autre"}]}, "M2.10": {"state_text": "Avez-vous été directement contacté par le suspect?", "short_text": "Contact directe", "id": "direct_contact", "state_type": "yesno"}, "M2.11": {"state_text": "Pouvez-vous partager l'URL ou télécharger un lien? Veuillez laisser cet espace vide si vous n'avez pas d'information à ce sujet", "short_text": "URL malveillant", "id": "download_url", "state_type": "text"}, "M2.12": {"state_text": "Veuillez donner une courte description de l'URL ou du fichier téléchargé", "short_text": "TO BE TRANSLATED", "id": "download_description", "state_type": "text"}, "M2.13": {"state_text": "Veuillez spécifier l'URL partagé par le suspect ou laissez cet espace vide si vous n'avez pas d'information à ce sujet", "short_text": "URL d'hamçonnage", "id": "phishing_url", "state_type": "text"}, "M2.14": {"state_text": "Quel type de données sensibles vous a-t-on demandé?", "short_text": "Données sensibles partagées", "state_type": "radio", "id": "phishing_data", "state_answers": [{"id": "user", "text": "Donnée d'utilisateur"}, {"id": "banking", "text": "Donnée bancaire"}, {"id": "other", "text": "Autre"}]}, "M2.15": {"state_text": "Veuillez spécifier l'URL partagé par le suspect ou laissez cet espace vide si vous n'avez pas d'information à ce sujet", "short_text": "Veuillez donner l'URL du site internet", "id": "custom_website_url", "state_type": "text"}, "ERROR": {"state_text": "Une erreur est survenue! Veuillez relancer le processus de dénonciation", "state_type": "error"}}