{"new_report": "Nouveau rapport", "continue": "Continuer", "back": "Retour", "yes": "Oui", "no": "Non", "pdf_download": "Télécharger le PDF", "finish": "Terminer", "submit": "Envoyer", "warning": "Merci de remplir les champs indiqués", "field_warning": "Merci de remplir ce champ", "wrong_time_warning": "Veuillez entrer la date de l'incident", "gdpr_accept": "J'accepte", "gdpr_warning": "Merci d'accepter le règlement général sur la protection des données (RGPD)", "crime_location_proposals": "TO BE TRANSLATED", "language_pref_proposals": "TO BE TRANSLATED", "residence_state_proposals": "TO BE TRANSLATED", "no_results": "TO BE TRANSLATED"}