{"M0.0": {"state_text": "Bine ați venit la Consilierul de Raportare TAKEDOWN. Acest instrument vă va ghida prin procesul de raportare al infracțiunii. Procesul de raportare este anonim. Datele solicitate vor servi la generarea unui raport care poate fi trimis organelor de poliție compenete, ajutându-vă astfel în raportarea infracțiunii. Pentru a vă oferi informații exacte cu privire la organele de poliție responsabile de preluarea solicitării dumneavoastră, acest instrument vă va geolocaliza folosindu-vă IP-ul. Aceată informație se vă șterge automat, ea nu se va stoca în sistem. <br><br>Pentru informații suplimentare accesați <a href='https://ec.europa.eu/info/law/law-topic/data-protection_en'>Terms and Conditions</a>", "short_text": "Reglementări GDPR", "id": "gdpr_agreement", "state_type": "gdpr", "state_answers": [{"id": "gdpr_agree", "text": "Am luat la cunoștință că datele personale ale altor indivizi nu pot fi încărcate și distribuite prin intermediul acestui Consilier de Raportare ori în secțiunile și instrumentele acestui website."}]}, "M1.1": {"short_text": "Pericol intermediar", "id": "immediate_danger", "state_text": "Vă aflați în pericol și aveți nevoie de intervenția organelor de poliție?", "state_type": "yesno"}, "M1.2": {"state_text": "Informații despre persoana care solicită asistența organelor de poliție", "state_type": "composed", "show_header": "false", "state_answers": [{"id": "reporter_age", "text": "Introduceți vârsta", "short_text": "Vârstă", "type": "text"}, {"id": "reporter_residence", "text": "Care este țara dumneavoastră de reședință?", "short_text": "Adresă", "type": "text"}, {"id": "reporter_gender", "type": "radio", "text": "Introduceți sexul", "short_text": "Sex", "answers": [{"text": "Masculin", "short_text": "Masculin", "id": "male"}, {"text": "Feminin", "short_text": "Feminin", "id": "female"}, {"text": "Altul", "short_text": "Altul", "id": "other"}]}, {"id": "reporter_involvement", "type": "radio", "text": "Care este statutul dumneavoastră cu privire la incident?", "short_text": "Statutul solicitantului", "answers": [{"text": "Sunt victima unui incident penal", "short_text": "Victimă", "id": "victim"}, {"text": "Raportez în numele victimei", "short_text": "Raportez în numele victimei", "id": "behalfReporter"}, {"text": "Sunt martorul unui incident penal", "short_text": "Observator/Martor", "id": "observer"}, {"text": "Altul", "short_text": "Altul", "id": "other"}]}]}, "M1.3": {"state_type": "police_call", "state_text": "Contactați poliția"}, "M1.4": {"state_text": "Pecizați ora apoximimativă la care s-a produs incientul.", "id": "event_time", "short_text": "Ora incidentului", "state_type": "datetime"}, "M1.5": {"state_text": "În ce categorie ați plasa incidentul?", "short_text": "Categoria evenimentului", "id": "event_category", "state_type": "checkbox", "state_answers": [{"id": "organized_crime", "text": "Crimă"}, {"id": "terrorism", "text": "Terorism"}, {"id": "money_laundering", "text": "Spălare de bani"}, {"id": "corruption", "text": "Corupție"}, {"id": "document_fraud", "text": "Fals în acte"}, {"id": "human_trafficking", "text": "Trafic de persoane"}, {"id": "online_radicalization", "text": "Radicalizare online"}, {"id": "child_pornography", "text": "Pornografie cu minori"}, {"id": "identity_theft", "text": "Furt de identitate/Phishing"}, {"id": "infection_of_systems", "text": "Contaminare cu programe malițioase (malware)"}, {"id": "cyber_abuse", "text": "Hărțuire prin internet (cyber bullying)/Abuz"}, {"id": "cyber_fraud", "text": "Fraudă"}, {"id": "other", "text": "Altul"}]}, "M1.6": {"state_text": "Cunoașteți suspectul?", "short_text": "Informații despre suspect", "id": "info_suspect", "state_type": "yesno"}, "M1.6a": {"state_text": "Cunoașteți victima? Aveți informații suplimentare cu privire la victimă?", "short_text": "Informații despre victimă", "id": "info_victim", "state_type": "yesno"}, "M1.7": {"short_text": "Descrierea incidentului", "state_text": "Vă rugăm să descrieți incidentul", "id": "event_description", "state_type": "description"}, "M1.8": {"state_type": "result"}, "M1.9": {"state_text": "Vă rugăm să specificați locul unde s-a produs incidentul. Puteți să oferiți adresa exactă sau locația aproximativă.", "state_type": "composed", "show_header": "true", "state_answers": [{"id": "crime_loc_address", "text": "TO BE TRANSLATED", "short_text": "TO BE TRANSLATED", "type": "text"}, {"id": "crime_loc_country", "text": "TO BE TRANSLATED", "short_text": "TO BE TRANSLATED", "type": "text"}, {"id": "crime_loc_city", "text": "TO BE TRANSLATED", "short_text": "TO BE TRANSLATED", "type": "text"}, {"id": "crime_loc_postal", "text": "TO BE TRANSLATED", "short_text": "TO BE TRANSLATED", "type": "text"}]}, "M2.1": {"state_text": "Cum v-a contactat suspectul?", "short_text": "Forma de contact", "state_type": "radio", "id": "contact_type", "state_answers": [{"id": "email", "text": "Prin e-mail"}, {"id": "phone_sms", "text": "Telefon sau SMS"}, {"id": "sn_app", "text": "Rețea socială sau aplicație"}, {"id": "website", "text": "Altă pagină web"}, {"id": "software", "text": "Alt software"}, {"id": "other", "text": "Altul"}]}, "M2.2": {"state_text": "Specificați ora la care ați primit e-mailul", "short_text": "Ora la care ați primit e-mailul", "id": "email_time", "state_type": "datetime"}, "M2.3": {"state_text": "Vă rugăm precizați adresa de e-mail a emițătorului (malițios)", "short_text": "Emițătorul e-mailului", "id": "email_sender", "state_type": "text"}, "M2.4": {"state_text": "Specificați ora apelului", "short_text": "Ora apelului", "id": "phone_time", "state_type": "datetime"}, "M2.5": {"state_text": "Pecizați numărul de telefon de pe care ați fost contactat", "short_text": "Numărul de telefon al suspectului", "id": "phone_number", "state_type": "text"}, "M2.6": {"state_text": "Ce vi s-a solicitat să faceți?", "short_text": "Cerere malițioasa", "state_type": "radio", "id": "request_type", "state_answers": [{"id": "download_open", "text": "Descărcare fișier - deschidere fișier"}, {"id": "link_sensible_data", "text": "Urmăriți un link - oferiți date cu caracter sensibil"}, {"id": "other", "text": "Altul"}]}, "M2.7": {"state_text": "Ce referințe a utilizat suspectul?", "short_text": "Referința malițioasă", "id": "request_reference", "state_type": "text"}, "M2.8": {"state_text": "Specificați cum ați fost contactat (canal de comunicare srviciu de software)", "short_text": "Canal de comunicare malițios", "id": "communication_channel", "state_type": "text"}, "M2.9": {"state_text": "Prin ce rețea socială ați fost contactat?", "short_text": "Contact social network", "state_type": "radio", "id": "sn_type", "state_answers": [{"id": "facebook", "text": "Facebook"}, {"id": "whatsapp", "text": "WhatsApp"}, {"id": "telegram", "text": "Telegram"}, {"id": "google_plus", "text": "Google+"}, {"id": "other", "text": "Altul"}]}, "M2.10": {"state_text": "Ați fost contactat în mod direct de către suspect?", "short_text": "Contact direct", "id": "direct_contact", "state_type": "yesno"}, "M2.11": {"state_text": "Dacă aveți link-ul, puteți să il plasați aici. Dacă nu, puteți să lăsați acest câmp necompletat.", "short_text": "URL Malițios", "id": "download_url", "state_type": "text"}, "M2.12": {"state_text": "Descrieți pe scrurt URL-ul sau fișierul decărcat", "short_text": "Descrierea conținutului mesajului", "id": "download_description", "state_type": "text"}, "M2.13": {"state_text": "Dacă aveți URL-ul, puteți să il plasați aici. Dacă nu, puteți să lăsați acest câmp necompletat.", "short_text": "Phising URL", "id": "phishing_url", "state_type": "text"}, "M2.14": {"state_text": "Ce fel de date cu carecter sensibil v-au fost solicitate?", "short_text": "Datele cu caracter sensibil oferite", "state_type": "radio", "id": "phishing_data", "state_answers": [{"id": "user", "text": "Datele de utilizator"}, {"id": "banking", "text": "Datele bancare"}, {"id": "other", "text": "Altul"}]}, "M2.15": {"state_text": "Dacă aveți URL-ul, puteți să il plasați aici. Dacă nu, puteți să lăsați acest câmp necompletat.", "short_text": "Completați URL-ul paginei web prin care ați fost contactat", "id": "custom_website_url", "state_type": "text"}, "ERROR": {"state_text": "A apărut o eroare! Vă rugăm să reîncepeți procesul de raportare.", "state_type": "error"}}