{"new_report": "Raport nou", "continue": "Continuă", "back": "Înapoi", "yes": "Da", "no": "Nu", "pdf_download": "Descarcă PDF", "finish": "Gata", "submit": "Depune", "warning": "Vă rugăm să populați toate câmpurile obligatorii", "field_warning": "Vă rugăm să populați acest câmp", "wrong_time_warning": "Introduceți data incidentului", "gdpr_accept": "Accept", "gdpr_warning": "Vă rugăm să vă confirmați acordul cu privire la reglemntările GDPR", "crime_location_proposals": "TO BE TRANSLATED", "language_pref_proposals": "TO BE TRANSLATED", "residence_state_proposals": "TO BE TRANSLATED", "no_results": "TO BE TRANSLATED"}