{"M0.0": {"state_text": "Vítejte na stránce TAKEDOWN Reporting Advisor. Tento nástroj vás provede procesem nahlašování trestných činů. Proces podávání zprávy je zcela anonymní. Všechny požadované údaje vám pomůžou nahlásit trestný čin a vygenerovat zprávu, kterou je možné poslat příslušným orgánům činným v trestném řízení. Tento nástroj geolokuje vaši IP adresu za účelem poskytnutní přesných a relevantních informací o příslušných orgánech, které mají Váš případ v kompetenci. Tieto údaj bude okamžitě vymazán a nebude uchováván v systému. <br> <br> Více informci naleznete na na stránce <a href = 'https: //ec.europa.eu/info/law/law-topic/data -protection_en '> Terms and Conditions </a>", "short_text": "Dohoda o GDPR", "id": "gdpr_agreement", "state_type": "gdpr", "state_answers": [{"id": "gdpr_agree", "text": "Rozumím, že osobní údaje jiných osob nemohou být odeslány ani sdíleny prostřednictvím tohoto nástroje, nebo jakoukoliv jinou částí nebo nástroji této webové stránky."}]}, "M1.1": {"short_text": "Bezprostřední ohrožení", "id": "immediate_danger", "state_text": "Jste v bezprostředním ohrožení a potřebujete volat policii?", "state_type": "yesno"}, "M1.2": {"state_text": "Informační průzkum", "state_type": "composed", "show_header": "false", "state_answers": [{"id": "reporter_age", "text": "Uveďte svůj věk", "short_text": "Věk", "type": "text"}, {"id": "reporter_residence", "text": "Země původu", "short_text": "Adresa", "type": "text"}, {"id": "reporter_gender", "type": "radio", "text": "Uveďtě pohlaví", "short_text": "Pohlaví", "answers": [{"text": "Muž", "short_text": "Muž", "id": "male"}, {"text": "Žena", "short_text": "Žena", "id": "female"}, {"text": "Jiné", "short_text": "Jiné", "id": "other"}]}, {"id": "reporter_involvement", "type": "radio", "text": "Jaká je Vaše role v trestném činu?", "short_text": "Charakter zprávy", "answers": [{"text": "Jsem obětí trestného činu", "short_text": "Oběť", "id": "victim"}, {"text": "Podávám zprávu jménem oběti", "short_text": "Zpráva jménem oběti", "id": "behalfReporter"}, {"text": "Jsem svědkem trestného činu", "short_text": "Pozorovatel/Svědek", "id": "observer"}, {"text": "Jiné", "short_text": "Jiné", "id": "other"}]}]}, "M1.3": {"state_type": "police_call", "state_text": "Kontaktujte přímo policii"}, "M1.4": {"state_text": "Zadejte približný čas události", "id": "event_time", "short_text": "TODO: CSV-Entries BY (CVUT)", "state_type": "datetime"}, "M1.5": {"state_text": "Jak byste kategorizovali hlášenou událost?", "short_text": "Kategorie incidentu", "id": "event_category", "state_type": "checkbox", "state_answers": [{"id": "organized_crime", "text": "Organizovaná kriminalita"}, {"id": "terrorism", "text": "Terorismus"}, {"id": "money_laundering", "text": "Praní špinavých peněz"}, {"id": "corruption", "text": "Korupce"}, {"id": "document_fraud", "text": "Falšování listin"}, {"id": "human_trafficking", "text": "Obchodování s lidmi"}, {"id": "online_radicalization", "text": "Online radikalizace"}, {"id": "child_pornography", "text": "Dětská pornografie"}, {"id": "identity_theft", "text": "Krádež totožnosti/Phishing"}, {"id": "infection_of_systems", "text": "Infikování systémů pomocí Malware"}, {"id": "cyber_abuse", "text": "Kyberšikana/Zneužívaní"}, {"id": "cyber_fraud", "text": "Kybernetické podvody"}, {"id": "other", "text": "Jiné"}]}, "M1.6": {"state_text": "Znáte podezřelého osobně?", "short_text": "Znalosti o podezřelém", "id": "info_suspect", "state_type": "yesno"}, "M1.6a": {"state_text": "Poznáte osobně oběť podezřelé události? Máte další informace o oběti?", "short_text": "Znalosti o oběti", "id": "info_victim", "state_type": "yesno"}, "M1.7": {"short_text": "Popis incidentu", "state_text": "Popište nám prosím Vás, co přesně se stalo.", "id": "event_description", "state_type": "description"}, "M1.8": {"state_type": "result"}, "M1.9": {"state_text": "Lokalizujte místo trestného činu. Můžete zadat buď adresu, jméno, anebo všeobecný popis místa incidentu.", "state_type": "composed", "show_header": "true", "state_answers": [{"id": "crime_loc_address", "text": "Adresa:", "short_text": "Adresa místa, kde se kriminální čin udál", "type": "text"}, {"id": "crime_loc_country", "text": "Země", "short_text": "Země, v níž se kriminální čin udál", "type": "text"}, {"id": "crime_loc_city", "text": "Město:", "short_text": "Město / Obec, kde se kriminální čin udál", "type": "text"}, {"id": "crime_loc_postal", "text": "PSČ:", "short_text": "PSČ místa, v němž se kriminální čin udál", "type": "text"}]}, "M2.1": {"state_text": "Jak Vás podezřelý kontaktoval?", "short_text": "Kontakt", "state_type": "radio", "id": "contact_type", "state_answers": [{"id": "email", "text": "E-mail"}, {"id": "phone_sms", "text": "Telefonický hovor anebo SMS"}, {"id": "sn_app", "text": "Sociální sítě anebo aplikace"}, {"id": "website", "text": "Jiné webové stránky"}, {"id": "software", "text": "Jiný software"}, {"id": "other", "text": "Jiné"}]}, "M2.2": {"state_text": "Uveďte prosím čas přijetí e-mailu", "short_text": "Čas přijeti E-mailu", "id": "email_time", "state_type": "datetime"}, "M2.3": {"state_text": "Uveďte e-mailovou adresu odesílatele", "short_text": "Odesílatel e-mailu", "id": "email_sender", "state_type": "text"}, "M2.4": {"state_text": "Uveďte prosím čas telefonického kontaktu", "short_text": "Čas telefonického kontaktu", "id": "phone_time", "state_type": "datetime"}, "M2.5": {"state_text": "Uveďte telefonní číslo, prostřednictvím kterého jste byl kontaktován", "short_text": "Podezřelé telefonní číslo", "id": "phone_number", "state_type": "text"}, "M2.6": {"state_text": "O co jste byli požádáni?", "short_text": "Podezřelé požadavky", "state_type": "radio", "id": "request_type", "state_answers": [{"id": "download_open", "text": "Stáhnout soubor - otevřít přílohu"}, {"id": "link_sensible_data", "text": "Použít link - poskytnout citlivé informace"}, {"id": "other", "text": "Jiné"}]}, "M2.7": {"state_text": "Které odkazy použil podezřelý?", "short_text": "Škodlivý odkaz", "id": "request_reference", "state_type": "text"}, "M2.8": {"state_text": "Uveďte, jakým způsobem jste byli kontaktováni (komunikační kanály, software anebo služby)", "short_text": "Škodlivý komunikační kanál", "id": "communication_channel", "state_type": "text"}, "M2.9": {"state_text": "Prostřednictvím které sociální sítě Vás podezřelý kontaktoval?", "short_text": "Contact social network", "state_type": "radio", "id": "sn_type", "state_answers": [{"id": "facebook", "text": "Facebook"}, {"id": "whatsapp", "text": "WhatsApp"}, {"id": "telegram", "text": "Telegram"}, {"id": "google_plus", "text": "Google+"}, {"id": "other", "text": "Jiné"}]}, "M2.10": {"state_text": "Byli jste podezřelým kontaktovaný osobně?", "short_text": "Osobní kontakt", "id": "direct_contact", "state_type": "yesno"}, "M2.11": {"state_text": "Můžete zadat URL adresu anebo link? Pokud tyto informace nemáte, nechejte pole prázdné.", "short_text": "Škodlivá URL adresu", "id": "download_url", "state_type": "text"}, "M2.12": {"state_text": "Uveďte prosím stručný popis URL adresy anebo stáhnutého souboru.", "short_text": "Popis škodlivosti informace", "id": "download_description", "state_type": "text"}, "M2.13": {"state_text": "Specifikujte prosím URL adresu poskytnutou podezřelým. Pokud tyto informace nemáte, nechejte pole prázdné.", "short_text": "Phishing URL", "id": "phishing_url", "state_type": "text"}, "M2.14": {"state_text": "O jaký typ citlivých údajů jste byli požádáni?", "short_text": "Poskytnuté citlivé údaje", "state_type": "radio", "id": "phishing_data", "state_answers": [{"id": "user", "text": "Přihlašovací údaje uživatele"}, {"id": "banking", "text": "Bankovní pověření"}, {"id": "other", "text": "Jiné"}]}, "M2.15": {"state_text": "Specifikujte prosím URL adresu poskytnutou podezřelým. Pokud tyto informace nemáte, nechejte pole prázdné.", "short_text": "Uveďte prosím URL adresu webové stránky", "id": "custom_website_url", "state_type": "text"}, "ERROR": {"state_text": "Došlo k chybě. Spusťte prosím proces znovu.", "state_type": "error"}}