{"new_report": "Nová zpráva", "continue": "Pokračovat", "back": "Zpět", "yes": "Ano", "no": "Ne", "pdf_download": "Stáhnout PDF", "finish": "Hotovo", "submit": "Předložit", "warning": "Vyplňte prosím všechna požadovaná pole", "field_warning": "Vyplňte prosím toto pole", "wrong_time_warning": "Zadejte datum incidentu:", "gdpr_accept": "Souhlasím", "gdpr_warning": "Odsouhlaste prosím podmínky GDPR", "crime_location_proposals": "Návrhy z Help Line na základě udaného místa", "language_pref_proposals": "Návrhy z Help Line na základě jazykových preferencí", "residence_state_proposals": "Návrhy z Help Line na základě místa vašeho pobytu:", "no_results": "Žádný výsledek"}