{"new_report": "Novo relatório", "continue": "Continuar", "back": "Retroceder", "yes": "Sim", "no": "Não", "pdf_download": "Descarregar PDF", "finish": "Concluído", "submit": "Submeter", "warning": "Por favor, preencha todos os campos.", "field_warning": "Por favor, preencha este campo.", "wrong_time_warning": "Por favor, introduza a data da ocorrência.", "gdpr_accept": "Aceito", "gdpr_warning": "Por favor, aceite o RGPD", "crime_location_proposals": "TO BE TRANSLATED", "language_pref_proposals": "TO BE TRANSLATED", "residence_state_proposals": "TO BE TRANSLATED", "no_results": "TO BE TRANSLATED"}