{"M0.0": {"state_text": "Bem-vindo ao Assistente de Denúncia TAKEDOWN. Esta ferramenta vai guiá-lo durante o processo de denúncia de uma ocorrência. O procedimento é totalmente anónimo. Qualquer dado requerido será usado apenas para ajudá-lo no processo de denúncia da ocorrência e criar um relatório que poderá ser enviado para a Divisão de Polícia competente. De modo a fornecer informação precisa sobre a Divisão de Polícia competente para processar o seu caso, esta ferramenta irá localizar o seu IP. Esta informação será imediatamente apagada e não será guardada no sistema. Para mais informações consulte: <a href='https://ec.europa.eu/info/law/law-topic/data-protection_en'>Terms and Conditions</a>", "short_text": "RGPD", "id": "gdpr_agreement", "state_type": "gdpr", "state_answers": [{"id": "gdpr_agree", "text": "Entendo que os dados pessoais de outras pessoas não podem ser carregados nem partilhados através deste Assistente de Denúncia ou de qualquer das secções ou ferramentas desta página."}]}, "M1.1": {"short_text": "Perigo Iminente", "id": "immediate_danger", "state_text": "Está numa situação de perigo iminente ou necessita de chamar a polícia?", "state_type": "yesno"}, "M1.2": {"state_text": "Inquérito de denúncia", "state_type": "composed", "show_header": "false", "state_answers": [{"id": "reporter_age", "text": "Por favor, declare a sua idade", "short_text": "Idade", "type": "text"}, {"id": "reporter_residence", "text": "Qual é o seu país de residência?", "short_text": "Residência", "type": "text"}, {"id": "reporter_gender", "type": "radio", "text": "Por favor, declare o seu género", "short_text": "Género", "answers": [{"text": "Masculino", "short_text": "Masculino", "id": "male"}, {"text": "Feminino", "short_text": "Feminino", "id": "female"}, {"text": "Outro", "short_text": "Outro", "id": "other"}]}, {"id": "reporter_involvement", "type": "radio", "text": "Qual o seu envolvimento em relação à ocorrência?", "short_text": "Papel do denunciante", "answers": [{"text": "Sou vítima de um crime", "short_text": "Vítima", "id": "victim"}, {"text": "Estou a reportar em nome da vítima", "short_text": "Denunciante em nome da vítima", "id": "behalfReporter"}, {"text": "Sou testemunha de um crime", "short_text": "Testemunha", "id": "observer"}, {"text": "Outro", "short_text": "Outro", "id": "other"}]}]}, "M1.3": {"state_type": "police_call", "state_text": "Por favor, contacte diretamente a polícia"}, "M1.4": {"state_text": "Por favor, precise a hora aproximada da ocorrência", "id": "event_time", "short_text": "Hora da ocorrência", "state_type": "datetime"}, "M1.5": {"state_text": "Como classifica o tipo de ocorrência", "short_text": "Tipo de ocorrência", "id": "event_category", "state_type": "checkbox", "state_answers": [{"id": "organized_crime", "text": "Crime Organizado"}, {"id": "terrorism", "text": "Terrorismo"}, {"id": "money_laundering", "text": "Lavagem de Dinheiro"}, {"id": "corruption", "text": "Corrupção"}, {"id": "document_fraud", "text": "Falsificação de Documentos"}, {"id": "human_trafficking", "text": "Tráfico Humano"}, {"id": "online_radicalization", "text": "Radicalização online"}, {"id": "child_pornography", "text": "Pornografia Infantil"}, {"id": "identity_theft", "text": "Roubo de Identidade/Phishing"}, {"id": "infection_of_systems", "text": "Infeção de sistemas com software malicioso"}, {"id": "cyber_abuse", "text": "Cyber Bullying / Abuso"}, {"id": "cyber_fraud", "text": "Fraude Informática"}, {"id": "other", "text": "Outro"}]}, "M1.6": {"state_text": "Conhece o suspeito pessoalmente?", "short_text": "Informação do suspeito", "id": "info_suspect", "state_type": "yesno"}, "M1.6a": {"state_text": "Conhece a vítima pessoalmente? Tem mais informação sobre a vítima?", "short_text": "Informação da vítima", "id": "info_victim", "state_type": "yesno"}, "M1.7": {"short_text": "Descrição da ocorrência", "state_text": "Por favor, descreva a ocorrência.", "id": "event_description", "state_type": "description"}, "M1.8": {"state_type": "result"}, "M1.9": {"state_text": "Por favor, precise o local da ocorrência. Indique uma morada ou localização.", "state_type": "composed", "show_header": "true", "state_answers": [{"id": "crime_loc_address", "text": "TO BE TRANSLATED", "short_text": "TO BE TRANSLATED", "type": "text"}, {"id": "crime_loc_country", "text": "TO BE TRANSLATED", "short_text": "TO BE TRANSLATED", "type": "text"}, {"id": "crime_loc_city", "text": "TO BE TRANSLATED", "short_text": "TO BE TRANSLATED", "type": "text"}, {"id": "crime_loc_postal", "text": "TO BE TRANSLATED", "short_text": "TO BE TRANSLATED", "type": "text"}]}, "M2.1": {"state_text": "Como foi contactado pelo suspeito?", "short_text": "Tipo de contacto", "state_type": "radio", "id": "contact_type", "state_answers": [{"id": "email", "text": "Email"}, {"id": "phone_sms", "text": "Chamada telefónica ou SMS"}, {"id": "sn_app", "text": "Redes Sociais ou Aplicações"}, {"id": "website", "text": "Outras páginas internet"}, {"id": "software", "text": "Outros softwares"}, {"id": "other", "text": "Outro"}]}, "M2.2": {"state_text": "Por favor, precise a data e hora do email recebido", "short_text": "Data e Hora da receção do email", "id": "email_time", "state_type": "datetime"}, "M2.3": {"state_text": "Por favor, insira o email do remetente", "short_text": "Remetente", "id": "email_sender", "state_type": "text"}, "M2.4": {"state_text": "Por favor, precise a data e hora da chamada telefónica", "short_text": "Por favor, insira a data e hora do contato telefónico", "id": "phone_time", "state_type": "datetime"}, "M2.5": {"state_text": "Por favor, precise o número de telefone através do qual foi contactado", "short_text": "Por favor, insira o número de telefone do suspeito", "id": "phone_number", "state_type": "text"}, "M2.6": {"state_text": "O que lhe pediram para fazer?", "short_text": "Solicitação maliciosa", "state_type": "radio", "id": "request_type", "state_answers": [{"id": "download_open", "text": "Descarregar o ficheiro - Abrir o anexo"}, {"id": "link_sensible_data", "text": "Abrir uma ligação - Fornecer dados sensíveis"}, {"id": "other", "text": "Outro"}]}, "M2.7": {"state_text": "Que referências usou o suspeito?", "short_text": "Referência maliciosa", "id": "request_reference", "state_type": "text"}, "M2.8": {"state_text": "Por favor, precise por que via foi contactado (canais de comunicação, software ou serviços)", "short_text": "Meio de comunicação malicioso", "id": "communication_channel", "state_type": "text"}, "M2.9": {"state_text": "Através de que rede social foi contactado pelo suspeito?", "short_text": "Contact social network", "state_type": "radio", "id": "sn_type", "state_answers": [{"id": "facebook", "text": "Facebook"}, {"id": "whatsapp", "text": "WhatsApp"}, {"id": "telegram", "text": "Telegrama"}, {"id": "google_plus", "text": "Google+"}, {"id": "other", "text": "Outro"}]}, "M2.10": {"state_text": "Foi contactado pelo suspeito diretamente?", "short_text": "Contacto Direto", "id": "direct_contact", "state_type": "yesno"}, "M2.11": {"state_text": "Pode fornecer o URL ou ligação? Por favor, não preencha este campo se não tem esta informação.", "short_text": "URL malicioso", "id": "download_url", "state_type": "text"}, "M2.12": {"state_text": "Por favor, descreva brevemente o URL ou ficheiro descarregado.", "short_text": "Mensagem do texto", "id": "download_description", "state_type": "text"}, "M2.13": {"state_text": "Por favor, precise o URL utilizado pelo suspeito ou deixe este campo em branco se não tem esta informação.", "short_text": "Phishing URL", "id": "phishing_url", "state_type": "text"}, "M2.14": {"state_text": "Que tipo de dados sensíveis lhe pediram para fornecer?", "short_text": "Fornecer dados sensíveis", "state_type": "radio", "id": "phishing_data", "state_answers": [{"id": "user", "text": "Dados de utilizador"}, {"id": "banking", "text": "Dados bancários"}, {"id": "other", "text": "Outro"}]}, "M2.15": {"state_text": "Por favor, precise o URL utilizado pelo suspeito ou deixe este campo em branco se não tem esta informação.", "short_text": "Por favor, insira o URL da página internet", "id": "custom_website_url", "state_type": "text"}, "ERROR": {"state_text": "Ocorreu um erro! Por favor reinicie o processo.", "state_type": "error"}}