{"M0.0": {"state_text": "TO BE TRANSLATED", "short_text": "TO BE TRANSLATED", "id": "gdpr_agreement", "state_type": "gdpr", "state_answers": [{"id": "gdpr_agree", "text": "Jeg forstår at personlige opplysninger fra andre individer ikke kan bli lastet opp og delt gjennom denne Rapporteringsveiledningen eller noen andre seksjoner eller verktøy på denne nettsiden."}]}, "M1.1": {"short_text": "Ummidelbar fare", "id": "immediate_danger", "state_text": "Er du i umiddelbar fare og trenger å ringe politiet?", "state_type": "yesno"}, "M1.2": {"state_text": "Reporterinformasjon spørreundersøkelse", "state_type": "composed", "show_header": "false", "state_answers": [{"id": "reporter_age", "text": "Vennligst oppgi din alder", "short_text": "Alder", "type": "text"}, {"id": "reporter_residence", "text": "I hvilket land bor du?", "short_text": "Hjemmeadresse", "type": "text"}, {"id": "reporter_gender", "type": "radio", "text": "Vennligst oppgi ditt kjønn", "short_text": "Kjønn", "answers": [{"text": "Mann", "short_text": "Mann", "id": "male"}, {"text": "Kvinne", "short_text": "Kvinne", "id": "female"}, {"text": "Annet", "short_text": "Annet", "id": "other"}]}, {"id": "reporter_involvement", "type": "radio", "text": "Hva er din rolle i den kriminelle hendelsen?", "short_text": "Reporterens rolle", "answers": [{"text": "Jeg er et offer i en kriminell hendelse", "short_text": "Offer", "id": "victim"}, {"text": "Jeg rapporterer på vegne av offeret", "short_text": "Reporter på vegne av offer", "id": "behalfReporter"}, {"text": "Jeg er vitne til en kriminell hendelse", "short_text": "Vitne", "id": "observer"}, {"text": "Annet", "short_text": "Annet", "id": "other"}]}]}, "M1.3": {"state_type": "police_call", "state_text": "Vennligst kontakt politiet direkte"}, "M1.4": {"state_text": "Vennligst spesifiser det omtrentlige tidspunktet for den mistenkelig hendelsen", "id": "event_time", "short_text": "Hendelsestidspunkt", "state_type": "datetime"}, "M1.5": {"state_text": "Hvordan vil du kategorisere den mistenkelig hendelsen som har funnet sted?", "short_text": "Hendelseskategori", "id": "event_category", "state_type": "checkbox", "state_answers": [{"id": "organized_crime", "text": "Organisert kriminalitet"}, {"id": "terrorism", "text": "Terrorisme"}, {"id": "money_laundering", "text": "Hvitvasking av penger"}, {"id": "corruption", "text": "Korrupsjon"}, {"id": "document_fraud", "text": "Dokumentsvindel"}, {"id": "human_trafficking", "text": "Menneskehandel"}, {"id": "online_radicalization", "text": "Online radikalisering"}, {"id": "child_pornography", "text": "Barnepornografi"}, {"id": "identity_theft", "text": "Identitetstyveri/Phishing"}, {"id": "infection_of_systems", "text": "Malwareinfeksjon av systemer"}, {"id": "cyber_abuse", "text": "Cybermobbing/mishandling"}, {"id": "cyber_fraud", "text": "Cybersvindel"}, {"id": "other", "text": "Annet"}]}, "M1.6": {"state_text": "Kjenner du den mistenkte personlig?", "short_text": "Kunnskap om mistenkte", "id": "info_suspect", "state_type": "yesno"}, "M1.6a": {"state_text": "Kjenner du offeret personlig?", "short_text": "Kunnskap om offeret", "id": "info_victim", "state_type": "yesno"}, "M1.7": {"short_text": "Hendelsesbeskrivelse", "state_text": "Vennligst oppgi en beskrivelse av det som har skjedd", "id": "event_description", "state_type": "description"}, "M1.8": {"state_type": "result"}, "M1.9": {"state_text": "Vennligst spesifiser hvor den kriminelle hendelsen skjedde. Du kan enten oppgi en addresse eller et mer generelt område der hendelsen fant sted.", "state_type": "composed", "show_header": "true", "state_answers": [{"id": "crime_loc_address", "text": "TO BE TRANSLATED", "short_text": "TO BE TRANSLATED", "type": "text"}, {"id": "crime_loc_country", "text": "TO BE TRANSLATED", "short_text": "TO BE TRANSLATED", "type": "text"}, {"id": "crime_loc_city", "text": "TO BE TRANSLATED", "short_text": "TO BE TRANSLATED", "type": "text"}, {"id": "crime_loc_postal", "text": "TO BE TRANSLATED", "short_text": "TO BE TRANSLATED", "type": "text"}]}, "M2.1": {"state_text": "Hvordan ble du kontaktet av mistenkte?", "short_text": "Type kontakt", "state_type": "radio", "id": "contact_type", "state_answers": [{"id": "email", "text": "Email"}, {"id": "phone_sms", "text": "Telefon/sms"}, {"id": "sn_app", "text": "Sociale nettverk eller App"}, {"id": "website", "text": "Annen nettside"}, {"id": "software", "text": "Annet dataprogram"}, {"id": "other", "text": "Annet"}]}, "M2.2": {"state_text": "Vennligst spesifiser tidspunktet du mottok emailen", "short_text": "Tidspunkt for mottak av Email", "id": "email_time", "state_type": "datetime"}, "M2.3": {"state_text": "Vennligst spesifiser email-adressen til den skadelige avsenderen", "short_text": "Email avsender", "id": "email_sender", "state_type": "text"}, "M2.4": {"state_text": "Vennligst spesifiser tidspunktet du ble kontaktet via telefon", "short_text": "Tidspunkt for telefon-kontakt", "id": "phone_time", "state_type": "datetime"}, "M2.5": {"state_text": "Vennligst spesifiser telefonnummeret du ble kontaktet fra", "short_text": "Mistenktes telefonnummer", "id": "phone_number", "state_type": "text"}, "M2.6": {"state_text": "Hva ble du bedt om å gjøre?", "short_text": "Ondsinnet forespørsel", "state_type": "radio", "id": "request_type", "state_answers": [{"id": "download_open", "text": "Laste ned en fil - åpne vedlegget"}, {"id": "link_sensible_data", "text": "Følge en link - oppgi sensitive personopplysninger"}, {"id": "other", "text": "Annet"}]}, "M2.7": {"state_text": "Hvilke referanser ble brukt av mistenkte?", "short_text": "Ondsinnet referanse", "id": "request_reference", "state_type": "text"}, "M2.8": {"state_text": "Vennligst spesifiser hvordan du ble kontaktet (kommunikasjonskanaler, programvare eller tjenester)", "short_text": "Skadelig kommunikasjonskanal", "id": "communication_channel", "state_type": "text"}, "M2.9": {"state_text": "Gjennom hvilke sosiale nettverk ble du kontaktet av den mistenkte?", "short_text": "Contact social network", "state_type": "radio", "id": "sn_type", "state_answers": [{"id": "facebook", "text": "Facebook"}, {"id": "whatsapp", "text": "WhatsApp"}, {"id": "telegram", "text": "Telegram"}, {"id": "google_plus", "text": "Google+"}, {"id": "other", "text": "Annet"}]}, "M2.10": {"state_text": "Har den mistenkte tatt kontakt med deg direkte?", "short_text": "Direkte kontakt", "id": "direct_contact", "state_type": "yesno"}, "M2.11": {"state_text": "Kan du oppgi en URL eller en nedlastingslink? Vennligst la dette feltet stå tomt dersom du ikke har denne typen informasjon", "short_text": "Skadelig URL", "id": "download_url", "state_type": "text"}, "M2.12": {"state_text": "Vennligst oppgi en kort beskrivelse av URL'en eller den nedlastede filen", "short_text": "Payload beskrivelse (Payload = den faktiske informasjonen eller beskjeden i oversendt data, i motsetning til automatisk generert metadata, f. eks. effekten av et virus på et datasystem)", "id": "download_description", "state_type": "text"}, "M2.13": {"state_text": "Vennligst oppgi URL'en du fikk oppgitt av mistenkte, eller la dette feltet stå tomt dersom du ikke har denne typen informasjon.", "short_text": "Phishing URL", "id": "phishing_url", "state_type": "text"}, "M2.14": {"state_text": "Hva slags sensitive personopplysninger ble du bedt om å oppgi?", "short_text": "Sensitive personopplysninger oppgitt", "state_type": "radio", "id": "phishing_data", "state_answers": [{"id": "user", "text": "Brukerinformasjon"}, {"id": "banking", "text": "Bank-/betalingsinformasjon"}, {"id": "other", "text": "Annet"}]}, "M2.15": {"state_text": "Vennligst oppgi URL'en du fikk oppgitt av mistenkte, eller la dette feltet stå tomt dersom du ikke har denne typen informasjon.", "short_text": "Vennligst oppgi nettsidens URL", "id": "custom_website_url", "state_type": "text"}, "ERROR": {"state_text": "En feil har oppstått! Vennligst begynn reporteringsprosessen igjen fra begynnelsen.", "state_type": "error"}}