{"new_report": "Ny rapport", "continue": "Fortsett", "back": "Tilbake", "yes": "Ja", "no": "Nei", "pdf_download": "Last ned PDF", "finish": "Ferdig", "submit": "Send inn", "warning": "Vennligst fyll ut alle forespurte felt", "field_warning": "Vennligst fyll ut dette feltet", "wrong_time_warning": "Vennligst oppgi hendelsesdatoen", "gdpr_accept": "Jeg godtar", "gdpr_warning": "Vennligst godta GDPR-avtalen", "crime_location_proposals": "TO BE TRANSLATED", "language_pref_proposals": "TO BE TRANSLATED", "residence_state_proposals": "TO BE TRANSLATED", "no_results": "TO BE TRANSLATED"}