{"M0.0": {"state_text": "ברוכים הבאים לכלי הדיווח Takedown. כלי זה ילווה אותך בתהליך הדיווח על הפשע. תהליך הדיווח הוא אנונימי לחלוטין. כל הנתונים שנדרוש ישמשו כדי לעזור לך לדווח על פשע וליצור דו\"ח. דו\"ח זה זה יכול להישלח אל הרשות הרלוונטית לאכיפת החוק. כדי לספק לך מידע מדויק ורלוונטי על סוכנות אכיפת החוק המוסמכת במקרה שלך, כלי זה יזהה את המיקום הגיאוגרפי שלך בהתבסס על הIP איתו אתה גולש. מידע זה יימחק מיד לאחר מכן ולא יישמר במערכת. למידע נוסף ראה <a href = 'https: //ec.europa.eu/info/law/law-topic/data -protection_en '> תנאים והגבלות </a>", "short_text": "תקנות פרטיות (GDPR)", "id": "gdpr_agreement", "state_type": "gdpr", "state_answers": [{"id": "gdpr_agree", "text": "אני מבין כי לא ניתן להעלות ולשתף נתונים אישיים של אנשים אחרים באמצעות כלי הדיווח או באמצעות כל חלק או כלי אחר באתר זה."}]}, "M1.1": {"short_text": "סכנה מיידית", "id": "immediate_danger", "state_text": "האם אתה בסכנה מיידית ועלייך להזעיק משטרה?", "state_type": "yesno"}, "M1.2": {"state_text": "סקר מדווחים", "state_type": "composed", "show_header": "false", "state_answers": [{"id": "reporter_age", "text": "בבקשה הזן את גילך", "short_text": "גיל", "type": "text"}, {"id": "reporter_residence", "text": "מהי מדינת מגורייך", "short_text": "מגורים", "type": "text"}, {"id": "reporter_gender", "type": "radio", "text": "ציין את מינך", "short_text": "מין", "answers": [{"text": "זכר", "short_text": "זכר", "id": "male"}, {"text": "נקבה", "short_text": "נקבה", "id": "female"}, {"text": "אחר", "short_text": "אחר", "id": "other"}]}, {"id": "reporter_involvement", "type": "radio", "text": "מה תפקידך באירוע?", "short_text": "תפקיד המדווח", "answers": [{"text": "אני הקורבן של אירוע פלילי", "short_text": "קורבן", "id": "victim"}, {"text": "אני מדווח בשם הקורבן", "short_text": "דיווח בשם קורבן", "id": "behalfReporter"}, {"text": "אני צופה של אירוע פלילי", "short_text": "צופה", "id": "observer"}, {"text": "אחר", "short_text": "אחר", "id": "other"}]}]}, "M1.3": {"state_type": "police_call", "state_text": "בבקשה צור קשר עם המשטרה ישירות"}, "M1.4": {"state_text": "נא לציין את הזמן המשוער של האירוע החשוד.", "id": "event_time", "short_text": "זמן התקרית", "state_type": "datetime"}, "M1.5": {"state_text": "כיצד היית מסווג את האירוע החשוד שהתרחש?", "short_text": "קטגוריית האירוע", "id": "event_category", "state_type": "checkbox", "state_answers": [{"id": "organized_crime", "text": "פשע מאורגן"}, {"id": "terrorism", "text": "טרור"}, {"id": "money_laundering", "text": "הלבנת כספים"}, {"id": "corruption", "text": "שחיתות"}, {"id": "document_fraud", "text": "זיוף מסמכים"}, {"id": "human_trafficking", "text": "סחר בבני אדם"}, {"id": "online_radicalization", "text": "הקצנה ברשת"}, {"id": "child_pornography", "text": "פונוגרפיית ילדים"}, {"id": "identity_theft", "text": "גניבת זהות\\פישינג"}, {"id": "infection_of_systems", "text": "הדבקת מערכות בתוכנות זדוניות"}, {"id": "cyber_abuse", "text": "בריונות ברשת\\התעללות"}, {"id": "cyber_fraud", "text": "הונאת סייבר"}, {"id": "other", "text": "אחר"}]}, "M1.6": {"state_text": "האם אתה מכיר אישית את החשוד?", "short_text": "ידע לגבי החשוד", "id": "info_suspect", "state_type": "yesno"}, "M1.6a": {"state_text": "האם אתה מכיר את הקורבן של האירוע באופן אישי? האם יש לך מידע נוסף לגבי הקורבן?", "short_text": "ידע לגבי הקורבן", "id": "info_victim", "state_type": "yesno"}, "M1.7": {"short_text": "תיאור התקרית", "state_text": "בבקשה תאר מה קרה", "id": "event_description", "state_type": "description"}, "M1.8": {"state_type": "result"}, "M1.9": {"state_text": "נא לציין את מיקום האירוע הפלילי. תוכל לציין כתובת או שם של מיקום כללי יותר של האירוע.", "state_type": "composed", "show_header": "true", "state_answers": [{"id": "crime_loc_address", "text": "כתובת", "short_text": "מיקום הפשע - כתובת", "type": "text"}, {"id": "crime_loc_country", "text": "מדינה", "short_text": "מיקום הפשע - מדינה", "type": "text"}, {"id": "crime_loc_city", "text": "עיר", "short_text": "מיקום הפשע - עיר", "type": "text"}, {"id": "crime_loc_postal", "text": "מיקוד", "short_text": "מיקום הפשע - מיקוד", "type": "text"}]}, "M2.1": {"state_text": "כיצד החשוד יצר איתך קשר?", "short_text": "סוג המגע", "state_type": "radio", "id": "contact_type", "state_answers": [{"id": "email", "text": "דואר אלקטרוני"}, {"id": "phone_sms", "text": "שיחת טלפון או SMS"}, {"id": "sn_app", "text": "רשת חברתית או אפליקציה"}, {"id": "website", "text": "אתר אחר"}, {"id": "software", "text": "תוכנה אחרת"}, {"id": "other", "text": "אחר"}]}, "M2.2": {"state_text": "בבקשה ציין מתי קיבלת את הדואר האלקטרוני", "short_text": "זמן קבלה של הדואר האלקטרוני", "id": "email_time", "state_type": "datetime"}, "M2.3": {"state_text": "ציין את כתובת האימייל של השולח.", "short_text": "שולח הדואר האלקטרוני", "id": "email_sender", "state_type": "text"}, "M2.4": {"state_text": "ציין את הזמן בו נוצר קשר בטלפון", "short_text": "זמן יצירת קשר בטלפון", "id": "phone_time", "state_type": "datetime"}, "M2.5": {"state_text": "ציין את מספר הטלפון שממנו יצרו איתך קשר.", "short_text": "מספר טלפון חשוד", "id": "phone_number", "state_type": "text"}, "M2.6": {"state_text": "מה התבקשת לעשות?", "short_text": "בקשה זדונית", "state_type": "radio", "id": "request_type", "state_answers": [{"id": "download_open", "text": "להוריד קובץ - לפתוח קובץ מצורף"}, {"id": "link_sensible_data", "text": "לעקוב אחר קישור - לספק נתונים הגיוניים"}, {"id": "other", "text": "אחר"}]}, "M2.7": {"state_text": "באילו איזכורים השתמש החשוד?", "short_text": "אזכור זדוני", "id": "request_reference", "state_type": "text"}, "M2.8": {"state_text": "ציין כיצד יצרו איתך קשר (ערוצי תקשורת, תוכנות או שירותים).", "short_text": "ערוץ תקשורת זדוני", "id": "communication_channel", "state_type": "text"}, "M2.9": {"state_text": "דרך איזו רשת חברתית החשוד יצר איתך קשר?", "short_text": "Contact social network", "state_type": "radio", "id": "sn_type", "state_answers": [{"id": "facebook", "text": "פייסבוק"}, {"id": "whatsapp", "text": "ווטסאפ"}, {"id": "telegram", "text": "טלגרם"}, {"id": "google_plus", "text": "גוגל+"}, {"id": "other", "text": "אחר"}]}, "M2.10": {"state_text": "האם החשוד יצר איתך קשר באופן ישיר?", "short_text": "קשר ישיר", "id": "direct_contact", "state_type": "yesno"}, "M2.11": {"state_text": "האם אתה יכול לספק כתובת אתר או קישור להורדה? השאר את השדה ריק במידה ואין לך מידע כזה.", "short_text": "כתובת אתר זדונית", "id": "download_url", "state_type": "text"}, "M2.12": {"state_text": "בבקשה ספק תיאור קצר של כתובת האתר או של הקובץ שהורד.", "short_text": "תיאור התוכן", "id": "download_description", "state_type": "text"}, "M2.13": {"state_text": "ציין את כתובת האתר שסופקה על ידי החשוד או השאר שדה זה ריק אם אין ברשותך מידע זה.", "short_text": "כתובת הדיוג (פישינג)", "id": "phishing_url", "state_type": "text"}, "M2.14": {"state_text": "אילו נתונים רגישים התבקשת לספק?", "short_text": "סיפק נתונים רגישים", "state_type": "radio", "id": "phishing_data", "state_answers": [{"id": "user", "text": "נתוני משתמש"}, {"id": "banking", "text": "נתוני בנק"}, {"id": "other", "text": "אחר"}]}, "M2.15": {"state_text": "ציין את כתובת האתר שסופקה על ידי החשוד או השאר שדה זה ריק אם אין ברשותך מידע זה.", "short_text": "ציין את כתובת האתר  (URL)", "id": "custom_website_url", "state_type": "text"}, "ERROR": {"state_text": "ארעה שגיאה! בבקשה התחל מחדש את תהליך הדיווח.", "state_type": "error"}}