{"new_report": "דיווח חדש", "continue": "המשך", "back": "חזור", "yes": "כן", "no": "לא", "pdf_download": "שמור כPDF", "finish": "סיום", "submit": "שלח", "warning": "מלא את כל השדות המבוקשים.", "field_warning": "מלא שדה זה.", "wrong_time_warning": "הזן את תאריך האירוע", "gdpr_accept": "מסכים", "gdpr_warning": "נא לאשר את תקנון הפרטיות (GDPR)", "crime_location_proposals": "ההצעות לקוי סיוע מבוססות על המיקום שניתן עבור הפשע המדווח.", "language_pref_proposals": "ההצעות לקוי סיוע הן לפי השפה שבחרת.", "residence_state_proposals": "ההצעות לקוי סיוע מבוססות על מדינת מגורייך.", "no_results": "אין תוצאות"}