{"new_report": "Nuevo informe", "continue": "Continuar", "back": "Atrás", "yes": "Si", "no": "No", "pdf_download": "Descargar PDF", "finish": "Hecho", "submit": "Enviar", "warning": "Por favor, rellene todos los campos requeridos", "field_warning": "Por favor, rellene este campo", "wrong_time_warning": "Por favor, introduzca la fecha del incidente", "gdpr_accept": "Acepto", "gdpr_warning": "Por favor, acepte las disposiciones contempladas en el Reglamento General de Protección de Datos de la Unión Europea", "crime_location_proposals": "Líneas de ayuda basadas en el lugar de ocurrencia del delito", "language_pref_proposals": "Líneas de ayuda basadas en tus preferencias de idioma", "residence_state_proposals": "Líneas de ayuda según residencia", "no_results": "Sin resultados"}