{"M0.0": {"state_text": "Bienvenido al Asistente de denuncia TAKEDOWN. Esta herramienta le guiará durante el proceso de denuncia de un delito. Este proceso es totalmente anónimo. Cualquier dato requerido se usará para ayudarle durante el proceso de denuncia del delito y para generar un informe que podrá ser enviado a la Policía competente. Con la finalidad de proporcionarle información sobre la Policía competente en el caso, le informamos de que esta herramienta geolocalizará su IP. Este dato será borrado inmediatamente después y no será almacenado en el sistema. Para más información, ver:  <a href='https://ec.europa.eu/info/law/law-topic/data-protection_en'>Terms and Conditions</a>", "short_text": "Acuerdo del Reglamento General de Protección de Datos de la Unión Europea", "id": "gdpr_agreement", "state_type": "gdpr", "state_answers": [{"id": "gdpr_agree", "text": "Entiendo que los datos personales de otros individuos no pueden ser subidos y compartidos a través de este Asistente de denuncia ni en cualquiera de las secciones y herramientas de esta página web."}]}, "M1.1": {"short_text": "Peligro inminente", "id": "immediate_danger", "state_text": "¿Se encuentra en situación de peligro inminente y necesita llamar a la policía?", "state_type": "yesno"}, "M1.2": {"state_text": "Encuesta de información de denuncia", "state_type": "composed", "show_header": "false", "state_answers": [{"id": "reporter_age", "text": "Por favor facilite su edad", "short_text": "Edad", "type": "text"}, {"id": "reporter_residence", "text": "¿Cuál es su país de residencia?", "short_text": "Residencia", "type": "text"}, {"id": "reporter_gender", "type": "radio", "text": "Por favor facilite su sexo", "short_text": "Género", "answers": [{"text": "Masculino", "short_text": "Masculino", "id": "male"}, {"text": "Femenino", "short_text": "Femenino", "id": "female"}, {"text": "Otro", "short_text": "Otro", "id": "other"}]}, {"id": "reporter_involvement", "type": "radio", "text": "¿Cuál es su rol en el hecho delictivo?", "short_text": "Rol del denunciante", "answers": [{"text": "Soy víctima de un delito", "short_text": "Víctima", "id": "victim"}, {"text": "Estoy denunciando en nombre de la víctima", "short_text": "Denunciante en nombre de la víctima", "id": "behalfReporter"}, {"text": "Soy testigo de un hecho delictivo", "short_text": "Testigo", "id": "observer"}, {"text": "Otro", "short_text": "Otro", "id": "other"}]}]}, "M1.3": {"state_type": "police_call", "state_text": "Por favor contacte directamente con la Policía"}, "M1.4": {"state_text": "Por favor especifique la hora aproximada del suceso", "id": "event_time", "short_text": "Hora del suceso", "state_type": "datetime"}, "M1.5": {"state_text": "¿Cómo calificaría el hecho sucedido?", "short_text": "Listado de hechos", "id": "event_category", "state_type": "checkbox", "state_answers": [{"id": "organized_crime", "text": "Crimen Organizado"}, {"id": "terrorism", "text": "Terrorismo"}, {"id": "money_laundering", "text": "Blanqueo de dinero"}, {"id": "corruption", "text": "Corrupción"}, {"id": "document_fraud", "text": "Fraude documental"}, {"id": "human_trafficking", "text": "Trata de personas"}, {"id": "online_radicalization", "text": "Radicalización en la red"}, {"id": "child_pornography", "text": "Pornografía infantil"}, {"id": "identity_theft", "text": "Robo de identidad/Phising"}, {"id": "infection_of_systems", "text": "Infección de sistemas con software malicioso"}, {"id": "cyber_abuse", "text": "Ciberacoso/Abuso"}, {"id": "cyber_fraud", "text": "Fraude en la red"}, {"id": "other", "text": "Otro"}]}, "M1.6": {"state_text": "¿Conoce al sospechoso personalmente?", "short_text": "Información del sospechoso", "id": "info_suspect", "state_type": "yesno"}, "M1.6a": {"state_text": "¿Conoce a la víctima personalmente? ¿Tiene más información acerca de la víctima?", "short_text": "Información de la víctima", "id": "info_victim", "state_type": "yesno"}, "M1.7": {"short_text": "Descripción del hecho", "state_text": "Por favor facilite una descripción de lo ocurrido", "id": "event_description", "state_type": "description"}, "M1.8": {"state_type": "result"}, "M1.9": {"state_text": "Por favor especifique el lugar de los hechos. Puede facilitar una dirección o mencionar una localización más genérica.", "state_type": "composed", "show_header": "true", "state_answers": [{"id": "crime_loc_address", "text": "Dirección", "short_text": "Dirección del lugar de ocurrencia del delito", "type": "text"}, {"id": "crime_loc_country", "text": "País", "short_text": "País de ocurrencia del delito", "type": "text"}, {"id": "crime_loc_city", "text": "Ciudad", "short_text": "Ciudad de ocurrencia del delito", "type": "text"}, {"id": "crime_loc_postal", "text": "Código postal", "short_text": "Código postal del lugar de ocurrencia del delito", "type": "text"}]}, "M2.1": {"state_text": "¿Cómo contactó el sospechoso con usted?", "short_text": "Forma de contacto", "state_type": "radio", "id": "contact_type", "state_answers": [{"id": "email", "text": "Correo electrónico"}, {"id": "phone_sms", "text": "Llamada telefónica o SMS"}, {"id": "sn_app", "text": "Redes sociales o aplicación móvil"}, {"id": "website", "text": "Otra página web"}, {"id": "software", "text": "Otro software"}, {"id": "other", "text": "Otro"}]}, "M2.2": {"state_text": "Por favor especifique la hora de recepción del correo electrónico", "short_text": "Hora de recepción del correo electrónico", "id": "email_time", "state_type": "datetime"}, "M2.3": {"state_text": "Por favor especifique la dirección de correo electrónico del remitente", "short_text": "Remitente del correo electrónico", "id": "email_sender", "state_type": "text"}, "M2.4": {"state_text": "Por favor especifique la hora de la llamada", "short_text": "Hora de la llamada", "id": "phone_time", "state_type": "datetime"}, "M2.5": {"state_text": "Por favor especifique el número de telefóno a través del cual fue contactado", "short_text": "Número telefónico del sospechoso", "id": "phone_number", "state_type": "text"}, "M2.6": {"state_text": "¿Qué le pidieron hacer?", "short_text": "Solicitud maliciosa", "state_type": "radio", "id": "request_type", "state_answers": [{"id": "download_open", "text": "Descargar un fichero-Abrir un archivo adjunto"}, {"id": "link_sensible_data", "text": "Ir a un enlace-Facilitar datos sensibles"}, {"id": "other", "text": "Otro"}]}, "M2.7": {"state_text": "¿Qué referencias utilizó el sospechoso?", "short_text": "Referehcia maliciosa", "id": "request_reference", "state_type": "text"}, "M2.8": {"state_text": "Por favor, especifique cómo fue contactado (canales de comunicación, software o servicios)", "short_text": "Canal de comunicación malicioso", "id": "communication_channel", "state_type": "text"}, "M2.9": {"state_text": "¿A través de qué red social le contactó el sospecho?", "short_text": "Contact social network", "state_type": "radio", "id": "sn_type", "state_answers": [{"id": "facebook", "text": "Facebook"}, {"id": "whatsapp", "text": "WhatsApp"}, {"id": "telegram", "text": "Telegram"}, {"id": "google_plus", "text": "Google+"}, {"id": "other", "text": "Otro"}]}, "M2.10": {"state_text": "¿Ha sido contactado directamente por el sospechoso?", "short_text": "Contacto directo", "id": "direct_contact", "state_type": "yesno"}, "M2.11": {"state_text": "¿Puede facilitar una URL o el enlace de descarga? Por favor, deje este campo vacío si no tiene esta información.", "short_text": "URL Maliciosa", "id": "download_url", "state_type": "text"}, "M2.12": {"state_text": "Por favor, provea una breve descripción de la URL o del fichero descargado.", "short_text": "Texto del mensaje", "id": "download_description", "state_type": "text"}, "M2.13": {"state_text": "Por favor especifique la URL facilitada por el sospechoso o deje este campo en blanco si no posee esta información.", "short_text": "Phising URL", "id": "phishing_url", "state_type": "text"}, "M2.14": {"state_text": "¿Qué tipo de datos sensibles se le requirió que facilitara?", "short_text": "Facilite datos sensibles", "state_type": "radio", "id": "phishing_data", "state_answers": [{"id": "user", "text": "Credenciales de usuario"}, {"id": "banking", "text": "Credenciales bancarias"}, {"id": "other", "text": "Otro"}]}, "M2.15": {"state_text": "Por favor especifique la URL facilitada por el sospechoso o deje este campo en blanco si no posee esta información.", "short_text": "Por favor facilite URL de la página web.", "id": "custom_website_url", "state_type": "text"}, "ERROR": {"state_text": "Ha ocurrido un error. Por favor reinice el proceso de denuncia.", "state_type": "error"}}