{"M0.0": {"state_text": "Vitajte na stránke TAKEDOWN Reporting Advisor. Tento nástroj vás prevedie procesom nahlasovania trestných činov. Proces podávania správ je úplne anonymný. Všetky požadované údaje vám pomôžu nahlásiť trestný čin a vygenerovať správu, ktorú je možné poslať príslušným orgánom činným v trestnom konaní. Aby sme vám poskytli presné a relevantné informácie o týchto orgánoch, ktoré majú v kompetencii Váš prípad, tento nástroj geolokuje vašu IP adresu. Tieto údaje budú okamžite vymazané a nebudú uchovávané v systéme. <br> <br> Viac informácií nájdete na stránke <a href = 'https: //ec.europa.eu/info/law/law-topic/data -protection_en '> Terms and Conditions </a>", "short_text": "Dohoda GDPR", "id": "gdpr_agreement", "state_type": "gdpr", "state_answers": [{"id": "gdpr_agree", "text": "Rozumiem, že osobné údaje iných osôb nemôžu byť odosielané ani zdieľané prostredníctvom tohto poradcu, alebo akoukoľvek časťou a nástrojom tejto webovej stránky."}]}, "M1.1": {"short_text": "Bezprostredné ohrozenie", "id": "immediate_danger", "state_text": "Ste bezprostredne ohrozený a potrebujete volať políciu?", "state_type": "yesno"}, "M1.2": {"state_text": "Informačný prieskum", "state_type": "composed", "show_header": "false", "state_answers": [{"id": "reporter_age", "text": "Uveďte svoj vek", "short_text": "Vek", "type": "text"}, {"id": "reporter_residence", "text": "Krajina pôvodu", "short_text": "Adresa", "type": "text"}, {"id": "reporter_gender", "type": "radio", "text": "Uveďte pohlavie", "short_text": "Pohlavie", "answers": [{"text": "Muž", "short_text": "Muž", "id": "male"}, {"text": "Žena", "short_text": "Žena", "id": "female"}, {"text": "Iné", "short_text": "Iné", "id": "other"}]}, {"id": "reporter_involvement", "type": "radio", "text": "Aká je Vaša rola v trestnom čine?", "short_text": "Charakter správy", "answers": [{"text": "Som obeťou trestného činu", "short_text": "Obeť", "id": "victim"}, {"text": "Podávam správu v mene obete", "short_text": "Správa v mene obete", "id": "behalfReporter"}, {"text": "Som svedkom trestného činu", "short_text": "Pozorovateľ/Svedok", "id": "observer"}, {"text": "Iné", "short_text": "Iné", "id": "other"}]}]}, "M1.3": {"state_type": "police_call", "state_text": "Kontaktujte priamo políciu"}, "M1.4": {"state_text": "Zadajte približný čas udalosti", "id": "event_time", "short_text": "Čas trestného činu", "state_type": "datetime"}, "M1.5": {"state_text": "Ako by ste kategorizovali hlásenú udalosť?", "short_text": "Kategória", "id": "event_category", "state_type": "checkbox", "state_answers": [{"id": "organized_crime", "text": "Organizovaná kriminalita"}, {"id": "terrorism", "text": "Terorizmus"}, {"id": "money_laundering", "text": "Pranie špinavých peňazí"}, {"id": "corruption", "text": "Korupcia"}, {"id": "document_fraud", "text": "Falšovanie listín"}, {"id": "human_trafficking", "text": "Obchodovanie s ľuďmi"}, {"id": "online_radicalization", "text": "Online radikalizácia"}, {"id": "child_pornography", "text": "Detská pornografia"}, {"id": "identity_theft", "text": "Krádež totožnosti/Phising"}, {"id": "infection_of_systems", "text": "Infikovanie systémov pomocou Malware"}, {"id": "cyber_abuse", "text": "Kyberšikana/Zneužívanie"}, {"id": "cyber_fraud", "text": "Kybernetické podvody"}, {"id": "other", "text": "Iné"}]}, "M1.6": {"state_text": "Poznáte podozrivého osobne?", "short_text": "Znalosti o podozrivom", "id": "info_suspect", "state_type": "yesno"}, "M1.6a": {"state_text": "Poznáte osobne obeť podozrivej udalosti? Máte ďalšie informácie o obeti?", "short_text": "Znalosti o obeti", "id": "info_victim", "state_type": "yesno"}, "M1.7": {"short_text": "Popis incidentu", "state_text": "Popíšte nám prosím Vás čo presne sa stalo.", "id": "event_description", "state_type": "description"}, "M1.8": {"state_type": "result"}, "M1.9": {"state_text": "Lokalizujte miesto trestného činu. Môžete zadať buď adresu, meno, alebo všeobecný popis miesta incidentu.", "state_type": "composed", "show_header": "true", "state_answers": [{"id": "crime_loc_address", "text": "TO BE TRANSLATED", "short_text": "TO BE TRANSLATED", "type": "text"}, {"id": "crime_loc_country", "text": "TO BE TRANSLATED", "short_text": "TO BE TRANSLATED", "type": "text"}, {"id": "crime_loc_city", "text": "TO BE TRANSLATED", "short_text": "TO BE TRANSLATED", "type": "text"}, {"id": "crime_loc_postal", "text": "TO BE TRANSLATED", "short_text": "TO BE TRANSLATED", "type": "text"}]}, "M2.1": {"state_text": "Ako Vás podozrivý kontaktoval?", "short_text": "Kontakt", "state_type": "radio", "id": "contact_type", "state_answers": [{"id": "email", "text": "E-mail"}, {"id": "phone_sms", "text": "Telefonický hovor alebo SMS"}, {"id": "sn_app", "text": "Sociálne siete alebo aplikácie"}, {"id": "website", "text": "Iné webové stránky"}, {"id": "software", "text": "Iný software"}, {"id": "other", "text": "Iné"}]}, "M2.2": {"state_text": "Uveďte prosím čas prijatia E-mailu", "short_text": "Čas prijatia E-mailu", "id": "email_time", "state_type": "datetime"}, "M2.3": {"state_text": "Uveďte E-mailovú adresu odosielateľa", "short_text": "Odosielateľ E-mailu", "id": "email_sender", "state_type": "text"}, "M2.4": {"state_text": "Uveďte prosím čas telefonického kontaktu", "short_text": "Čas telefonického kontaktu", "id": "phone_time", "state_type": "datetime"}, "M2.5": {"state_text": "Uveďte telefónne číslo prostredníctvom ktorého ste boli kontaktovaný", "short_text": "Podozrivé telefónne číslo", "id": "phone_number", "state_type": "text"}, "M2.6": {"state_text": "O čo ste boli požiadaný?", "short_text": "Podozrivá požiadavka", "state_type": "radio", "id": "request_type", "state_answers": [{"id": "download_open", "text": "Stiahnuť súbor-otvoriť prílohu"}, {"id": "link_sensible_data", "text": "Použiť link-poskytnúť citlivé informácie"}, {"id": "other", "text": "Iné"}]}, "M2.7": {"state_text": "Ktoré odkazy použil podozrivý?", "short_text": "Škodlivý odkaz", "id": "request_reference", "state_type": "text"}, "M2.8": {"state_text": "Uveďte akým spôsobom ste boli kontaktovaný(komunikačné kanály, software alebo služby)", "short_text": "Škodlivý komunikačný kanál", "id": "communication_channel", "state_type": "text"}, "M2.9": {"state_text": "Prostredníctvom ktorej sociálnej siete Vás podozrivý kontaktoval?", "short_text": "Contact social network", "state_type": "radio", "id": "sn_type", "state_answers": [{"id": "facebook", "text": "Facebook"}, {"id": "whatsapp", "text": "WhatsApp"}, {"id": "telegram", "text": "Telegram"}, {"id": "google_plus", "text": "Google+"}, {"id": "other", "text": "Iné"}]}, "M2.10": {"state_text": "Boli ste podozrivým kontaktovaný osobne?", "short_text": "Osobný kontakt", "id": "direct_contact", "state_type": "yesno"}, "M2.11": {"state_text": "Môžete zadať URL adresu alebo link?Ak tieto informácie nemáte, nechajte pole prázdne.", "short_text": "Škodlivá URL adresu", "id": "download_url", "state_type": "text"}, "M2.12": {"state_text": "Uveďte prosím stručný popis URL adresy alebo stiahnutého súboru.", "short_text": "Popis škodlivosti informácie", "id": "download_description", "state_type": "text"}, "M2.13": {"state_text": "Špecifikujte prosím URL adresu poskytovanú podozrivým. Ak tieto informácie nemáte, nechajte pole prázdne.", "short_text": "Phishing URL", "id": "phishing_url", "state_type": "text"}, "M2.14": {"state_text": "O aký tip citlivých údajov ste boli požiadaný?", "short_text": "Poskytnuté citlivé údaje", "state_type": "radio", "id": "phishing_data", "state_answers": [{"id": "user", "text": "Prihlasovacie údaje používateľa"}, {"id": "banking", "text": "Bankové poverenia"}, {"id": "other", "text": "Iné"}]}, "M2.15": {"state_text": "Špecifikujte prosím URL adresu poskytovanú podozrivým. Ak tieto informácie nemáte, nechajte pole prázdne.", "short_text": "Uveďte prosím URL adresu webovej stránky", "id": "custom_website_url", "state_type": "text"}, "ERROR": {"state_text": "TO BE TRANSLATED", "state_type": "error"}}