{"new_report": "Nová správa", "continue": "Pokračovanie", "back": "Späť", "yes": "Áno", "no": "Nie", "pdf_download": "Stiahnuť PDF", "finish": "Ukončené", "submit": "Predložiť", "warning": "Prosíme vyplňte všetky požadované polia", "field_warning": "Prosíme vyplňte toto pole", "wrong_time_warning": "Zadajte dátum incidentu", "gdpr_accept": "Akceptovať", "gdpr_warning": "Prosíme odsúhlaste dohodu GDPR", "crime_location_proposals": "TO BE TRANSLATED", "language_pref_proposals": "TO BE TRANSLATED", "residence_state_proposals": "TO BE TRANSLATED", "no_results": "TO BE TRANSLATED"}