{"new_report": "Neuer Report", "continue": "Weiter", "back": "Zurück", "yes": "Ja", "no": "Nein", "pdf_download": "Download PDF", "finish": "Fertig", "submit": "Absenden", "warning": "Bitte füllen Sie alle Felder aus.", "field_warning": "Bitte füllen Sie dieses Feld aus", "wrong_time_warning": "Bitte geben Sie das Datum des Vorfalls ein.", "gdpr_accept": "Akzeptiere", "gdpr_warning": "Bitte stimmen Sie den DSVG Richtlinien zu.", "crime_location_proposals": "Vorschläge für Hotlines in der Nähe des Verbrechens.", "language_pref_proposals": "Vorschläge für Hotlines mit der gleichen Sprache.", "residence_state_proposals": "Vorschläge für Hotliens in Ihrem Land.", "no_results": "Keine Ergebnisse."}