{"M0.0": {"state_text": "Willkommen beim TAKEDOWN Reporting Advisor. Dieses Tool hilft Ihnen, eine Meldung über einen Kriminalitätsfall zu erstellen. Der Berichtsprozess ist anonym. Alle eingegebenen Daten werden ausschließlich dafür verwendet, um Ihnen bei der Meldung einer Straftat zu helfen. Es dient dazu, einen Bericht zu erstellen, der an die zuständige Strafverfolgungsbehörde gesendet werden kann. Damit Sie relevante Informationen über die für Ihren Fall zuständige Strafverfolgungsbehörde erhalten, wird dieses Tool Ihre IP-Adresse bestimmen. Diese Daten werden danach umgehend gelöscht und nicht gespeichert. <br><br>Mehr Informationen :<a href='https://ec.europa.eu/info/law/law-topic/data-protection_en'>Geschäftsbedingungen</a>", "short_text": "DSVG Richtlinien", "id": "gdpr_agreement", "state_type": "gdpr", "state_answers": [{"id": "gdpr_agree", "text": "Willkommen beim TAKEDOWN Reporting Advisor. Dieses Tool führt Sie durch den Prozess der Kriminalitätsberichte. Der Berichtsprozess ist vollständig anonym. Alle angeforderten Daten werden verwendet, um Ihnen bei der Meldung einer Straftat zu helfen und einen Bericht zu erstellen, der an die zuständige Strafverfolgungsbehörde gesendet werden kann. Damit Sie genaue und relevante Informationen über die für Ihren Fall zuständige Strafverfolgungsbehörde erhalten, wird dieses Tool Ihre IP-Adresse bestimmen."}]}, "M1.1": {"short_text": "Akute Gefahr", "id": "immediate_danger", "state_text": "Sind Sie in akuter Gefahr und müssen die Polizei rufen?", "state_type": "yesno"}, "M1.2": {"state_text": "TODO: CSV-Entries BY (SYNYO,  AEI)", "state_type": "composed", "show_header": "false", "state_answers": [{"id": "reporter_age", "text": "Bitte geben Sie Ihr Alter an:", "short_text": "Alter", "type": "text"}, {"id": "reporter_residence", "text": "In welchem Land leben Sie?", "short_text": "Wohnort", "type": "text"}, {"id": "reporter_gender", "type": "radio", "text": "Bitte geben Sie ihr Geschlecht an.", "short_text": "Geschlecht", "answers": [{"text": "Mann", "short_text": "Mann", "id": "male"}, {"text": "Frau", "short_text": "Frau", "id": "female"}, {"text": "Anderes", "short_text": "Anderes", "id": "other"}]}, {"id": "reporter_involvement", "type": "radio", "text": "Welche Rolle spielen Sie in diesem Vorfall?", "short_text": "Rolle des/der Berichtserstatters/in", "answers": [{"text": "Ich bin ein Opfer eines kriminellen Delikts.", "short_text": "Opfer", "id": "victim"}, {"text": "Ich berichte für ein Opfer.", "short_text": "Berichterstatter/in für ein Opfer", "id": "behalfReporter"}, {"text": "Ich bin Zeuge/Zeugin eines kriminellen Delikts.", "short_text": "Zeuge/Zeugin", "id": "observer"}, {"text": "Anderes", "short_text": "Anderes", "id": "other"}]}]}, "M1.3": {"state_type": "police_call", "state_text": "Bitte kontaktieren Sie die Polizei."}, "M1.4": {"state_text": "Bitte geben Sie die ungefähre Zeit des Vorfalls an.", "id": "event_time", "short_text": "Zeit des Vorfalls", "state_type": "datetime"}, "M1.5": {"state_text": "Wie würden Sie den Vorfalls kategorisieren?", "short_text": "Kategorie des Vorfalls", "id": "event_category", "state_type": "checkbox", "state_answers": [{"id": "organized_crime", "text": "Organisiertes Verbrechen"}, {"id": "terrorism", "text": "Terrorismus"}, {"id": "money_laundering", "text": "Geldwäsche"}, {"id": "corruption", "text": "Korruption"}, {"id": "document_fraud", "text": "Dokumentenfälschung"}, {"id": "human_trafficking", "text": "Menschenhandel"}, {"id": "online_radicalization", "text": "Online-Radikalisierung"}, {"id": "child_pornography", "text": "Kinderpornographie"}, {"id": "identity_theft", "text": "Identitätsdiebstahl"}, {"id": "infection_of_systems", "text": "Infektion von Computersystemen mit schädlicher Software"}, {"id": "cyber_abuse", "text": "Cyber-Bullying"}, {"id": "cyber_fraud", "text": "Online-Betrug"}, {"id": "other", "text": "Anderes"}]}, "M1.6": {"state_text": "Kennen Sie den/die Angreifer/in persönlich?", "short_text": "Informationen über den/die Angreifer/in", "id": "info_suspect", "state_type": "yesno"}, "M1.6a": {"state_text": "Kennen Sie das Opfer persönlich? Haben Sie mehr Informationen über das Opfer?", "short_text": "Informationen über das Opfer", "id": "info_victim", "state_type": "yesno"}, "M1.7": {"short_text": "Beschreibung des Vorfalls", "state_text": "Bitte beschreiben Sie den Vorfall.", "id": "event_description", "state_type": "description"}, "M1.8": {"state_type": "result"}, "M1.9": {"state_text": "Bitte beschreiben Sie den Ort des Vorfalls. Sie können entweder eine Adresse oder eine allgemeine Beschreibung eingeben.", "state_type": "composed", "show_header": "true", "state_answers": [{"id": "crime_loc_address", "text": "Adresse", "short_text": "Adresse, wo das Verbrechen passiert ist.", "type": "text"}, {"id": "crime_loc_country", "text": "Land", "short_text": "Land, wo das Verbrechen passiert ist.", "type": "text"}, {"id": "crime_loc_city", "text": "Stadt", "short_text": "Stadt, wo das Verbrechen passiert ist.", "type": "text"}, {"id": "crime_loc_postal", "text": "Postleitzahl", "short_text": "Postleitzahl, wo das Verbrechen passiert ist.", "type": "text"}]}, "M2.1": {"state_text": "Wie hat Sie der/die Angreifer/in kontaktiert?", "short_text": "Art des Kontakts", "state_type": "radio", "id": "contact_type", "state_answers": [{"id": "email", "text": "E-Mail"}, {"id": "phone_sms", "text": "Telefonisch oder per SMS"}, {"id": "sn_app", "text": "Soziales Netzwerk oder App"}, {"id": "website", "text": "Andere Website"}, {"id": "software", "text": "Andere Software"}, {"id": "other", "text": "Anderes"}]}, "M2.2": {"state_text": "Bitte definieren Sie den Zeitpunkt des E-Mail Eingangs", "short_text": "Zeitpunkt des Mail-Eingangs", "id": "email_time", "state_type": "datetime"}, "M2.3": {"state_text": "Bitte geben Sie die E-Mail Adresse des Absenders an.", "short_text": "Absender des E-Mails", "id": "email_sender", "state_type": "text"}, "M2.4": {"state_text": "Bitte geben Sie den Zeitpunkt des Telefon-Anrufs an.", "short_text": "Zeitpunkt des Telefon-Anrufs", "id": "phone_time", "state_type": "datetime"}, "M2.5": {"state_text": "Bitte gebe Sie die Telefon-Nummer an, von der Sie kontaktiert wurden.", "short_text": "Telefon-Nummer", "id": "phone_number", "state_type": "text"}, "M2.6": {"state_text": "Wie lautete die Anfrage?", "short_text": "Betrügerische Anfrage", "state_type": "radio", "id": "request_type", "state_answers": [{"id": "download_open", "text": "Laden Sie ein Dokument herunter - öffnen Sie einen Anhang"}, {"id": "link_sensible_data", "text": "Folgen Sie einem Link - stellen Sie sensible Daten zur Verfügung"}, {"id": "other", "text": "Anderes"}]}, "M2.7": {"state_text": "Welche schädliche Referenzen wurden benutzt?", "short_text": "Schädliche Referenz", "id": "request_reference", "state_type": "text"}, "M2.8": {"state_text": "Bitte geben Sie an, über welche Kanäle Sie kontaktiert wurden.", "short_text": "Betrügerischer Kommunikationskanal", "id": "communication_channel", "state_type": "text"}, "M2.9": {"state_text": "Über welches Netzwerk wurden Sie kontaktiert?", "short_text": "Contact social network", "state_type": "radio", "id": "sn_type", "state_answers": [{"id": "facebook", "text": "Facebook"}, {"id": "whatsapp", "text": "WhatsApp"}, {"id": "telegram", "text": "Telegram"}, {"id": "google_plus", "text": "Google+"}, {"id": "other", "text": "Anderes"}]}, "M2.10": {"state_text": "Wurden Sie direkt kontaktiert?", "short_text": "Direkter Kontakt", "id": "direct_contact", "state_type": "yesno"}, "M2.11": {"state_text": "Können Sie eine URL oder einen Link der schädlichen Software zur Verfügung stellen? (Bitte lassen Sie das Feld frei, falls Sie keine Informationen haben)", "short_text": "Schädliche URL", "id": "download_url", "state_type": "text"}, "M2.12": {"state_text": "Bitte geben Sie eine kurze Beschreibung der URL oder des Download Files an.", "short_text": "Text der Nachricht", "id": "download_description", "state_type": "text"}, "M2.13": {"state_text": "Bitte geben Sie eine kurze Beschreibung der URL an. (Bitte lassen Sie das Feld frei, falls Sie keine Informationen haben)", "short_text": "Betrügerische URL", "id": "phishing_url", "state_type": "text"}, "M2.14": {"state_text": "Welche sensiblen Daten wurden abgefragt?", "short_text": "Sensible Daten, die zur Verfügung gestellt wurden.", "state_type": "radio", "id": "phishing_data", "state_answers": [{"id": "user", "text": "Benutzer/innen-Informationen"}, {"id": "banking", "text": "Konto-Daten"}, {"id": "other", "text": "Anderes"}]}, "M2.15": {"state_text": "Bitte geben Sie eine kurze Beschreibung der URL an. (Bitte lassen Sie das Feld frei, falls Sie keine Informationen haben)", "short_text": "Bitte geben Sie die URL an.", "id": "custom_website_url", "state_type": "text"}, "ERROR": {"state_text": "Es ist ein Fehler passiert! Bitte starten Sie den Prozess neu.", "state_type": "error"}}