{"M0.0": {"state_text": "Witamy w aplikacji - Doradca raportowania TAKEDOWN. To narzędzie przeprowadzi Cię przez proces zgłaszania przestępstw. Proces raportowania jest w pełni anonimowy. Wprowadzone dane zostaną wykorzystane w celu zgłoszenia przestępstwa i wygenerowania raportu, który zostanie wysłany do właściwej instytucji wchodzącej w skład organów ścigania. Aby dostarczyć Ci dokładnych i odpowiednich informacji o instytucji - wchodzącej w skład organów ścigania, właściwej merytorycznie dla Twojej sprawy, narzędzie to umożliwi geolokalizację Twojego IP. Dane te zostaną natychmiast usunięte i nie będą przechowywane w systemie. <br> <br> Aby uzyskać więcej informacji, zobacz <a href = 'https: //ec.europa.eu/info/law/law-topic/data -protection_en '> Warunki </a>", "short_text": "RODO - akceptuję", "id": "gdpr_agreement", "state_type": "gdpr", "state_answers": [{"id": "gdpr_agree", "text": "Rozumiem, że danych osobowych innych osób nie można przesyłać i udostępniać za pośrednictwem tej aplikacji - Doradca raportowania Takedown, jak również za pomocą innej sekcji i narzędzia tej witryny."}]}, "M1.1": {"short_text": "Bezpośrednie niebezpieczeństwo", "id": "immediate_danger", "state_text": "Czy jesteś w bezpośrednim niebezpieczeństwie i musisz wezwać policję?", "state_type": "yesno"}, "M1.2": {"state_text": "Ankieta informacyjna", "state_type": "composed", "show_header": "false", "state_answers": [{"id": "reporter_age", "text": "Please provide your age.", "short_text": "Age", "type": "text"}, {"id": "reporter_residence", "text": "Jaki jest twój kraj zamieszkania", "short_text": "Residence", "type": "text"}, {"id": "reporter_gender", "type": "radio", "text": "Proszę potwierdź swoją płeć", "short_text": "Płeć", "answers": [{"text": "Męska", "short_text": "Męska", "id": "male"}, {"text": "Żeńska", "short_text": "Żeńska", "id": "female"}, {"text": "Inna", "short_text": "Inna", "id": "other"}]}, {"id": "reporter_involvement", "type": "radio", "text": "Jaka jest twoja rola w zgłaszanym przestępstwie?", "short_text": "Charakter zgłoszenia", "answers": [{"text": "Jestem ofiarą tego zdarzenia", "short_text": "Ofiara", "id": "victim"}, {"text": "Jestem osobą zgłaszającą w imieniu ofiary", "short_text": "Zgłoszenie w imieniu ofiary", "id": "behalfReporter"}, {"text": "Jestem świadkiem zgłaszanego przestępstwa", "short_text": "Świadek", "id": "observer"}, {"text": "Inna", "short_text": "Inna", "id": "other"}]}]}, "M1.3": {"state_type": "police_call", "state_text": "Proszę o bezpośredni kontakt z policją"}, "M1.4": {"state_text": "Proszę podać przybliżony czas zgłaszanego przestępstwa", "id": "event_time", "short_text": "Dokładny czas zdarzenia", "state_type": "datetime"}, "M1.5": {"state_text": "Do jakiej kategorii zakwalifikujesz zgłaszane zdarzenie?", "short_text": "Kategoria zdarzenia", "id": "event_category", "state_type": "checkbox", "state_answers": [{"id": "organized_crime", "text": "Przestępczość zorganizowana"}, {"id": "terrorism", "text": "Terroryzm"}, {"id": "money_laundering", "text": "Pranie pieniędzy"}, {"id": "corruption", "text": "Korupcja"}, {"id": "document_fraud", "text": "Podrobienie dokumentów"}, {"id": "human_trafficking", "text": "Handel ludźmi"}, {"id": "online_radicalization", "text": "Radykalizacja postaw w internecie"}, {"id": "child_pornography", "text": "Pornografia dziecięca"}, {"id": "identity_theft", "text": "Kradzież tożsamości / Phishing"}, {"id": "infection_of_systems", "text": "Atak na system komputerowy z wykorzystaniem złośliwego oprogramowania"}, {"id": "cyber_abuse", "text": "Cyberprzemoc"}, {"id": "cyber_fraud", "text": "Oszustwo internetowe"}, {"id": "other", "text": "Inna"}]}, "M1.6": {"state_text": "Posiadasz informacje o sprawcy?", "short_text": "Podejrzane informacje", "id": "info_suspect", "state_type": "yesno"}, "M1.6a": {"state_text": "Czy znasz osobiście ofiarę lub sprawcę? Czy posiadasz jakiekolwiek informacje o ofiarze?", "short_text": "Informacje o ofiarze", "id": "info_victim", "state_type": "yesno"}, "M1.7": {"short_text": "Opis zdarzenia", "state_text": "Przedstaw nam opis tego co się stało", "id": "event_description", "state_type": "description"}, "M1.8": {"state_type": "result"}, "M1.9": {"state_text": "Proszę podać lokalizację przestępstwa. Możesz podać adres, nazwę miejsca lub inne informacje określające miejsce gdzie doszło do przestępstwa", "state_type": "composed", "show_header": "true", "state_answers": [{"id": "crime_loc_address", "text": "TO BE TRANSLATED", "short_text": "TO BE TRANSLATED", "type": "text"}, {"id": "crime_loc_country", "text": "TO BE TRANSLATED", "short_text": "TO BE TRANSLATED", "type": "text"}, {"id": "crime_loc_city", "text": "TO BE TRANSLATED", "short_text": "TO BE TRANSLATED", "type": "text"}, {"id": "crime_loc_postal", "text": "TO BE TRANSLATED", "short_text": "TO BE TRANSLATED", "type": "text"}]}, "M2.1": {"state_text": "W jaki sposób podejrzany skontaktował się z tobą?", "short_text": "Forma kontaktu", "state_type": "radio", "id": "contact_type", "state_answers": [{"id": "email", "text": "email"}, {"id": "phone_sms", "text": "Telefon lub sms"}, {"id": "sn_app", "text": "Sieć społecznościowa lub aplikacja"}, {"id": "website", "text": "Inne strony internetowe"}, {"id": "software", "text": "Inne oprogramowanie"}, {"id": "other", "text": "Inna"}]}, "M2.2": {"state_text": "Proszę podać czas otrzymania wiadomości email", "short_text": "Czas odbioru wiadomości email", "id": "email_time", "state_type": "datetime"}, "M2.3": {"state_text": "Podaj adres email złośliwego nadawcy", "short_text": "Nadawca wiadomości email", "id": "email_sender", "state_type": "text"}, "M2.4": {"state_text": "Proszę podać czas kontaktu telefonicznego", "short_text": "Czas kontaktu telefonicznego", "id": "phone_time", "state_type": "datetime"}, "M2.5": {"state_text": "Proszę podać numer telefonu z którego nawiązano kontakt", "short_text": "Podejrzany numer telefonu", "id": "phone_number", "state_type": "text"}, "M2.6": {"state_text": "O co poproszono?", "short_text": "Złośliwe żądanie", "state_type": "radio", "id": "request_type", "state_answers": [{"id": "download_open", "text": "Pobierz plik - otwórz załącznik"}, {"id": "link_sensible_data", "text": "Kliknij link - podaj dane wrażliwe"}, {"id": "other", "text": "Inna"}]}, "M2.7": {"state_text": "Które odsyłacze wykorzystał podejrzany?", "short_text": "Złośliwy odsyłacz", "id": "request_reference", "state_type": "text"}, "M2.8": {"state_text": "Proszę określić w jaki sposób nawiązano kontakt (serwis społecznościowy, program lub usługa internetowa)", "short_text": "Złośliwy kanał komunikacji", "id": "communication_channel", "state_type": "text"}, "M2.9": {"state_text": "Poprzez którą sieć społecznościową skontaktował się z Tobą podejrzany?", "short_text": "Contact social network", "state_type": "radio", "id": "sn_type", "state_answers": [{"id": "facebook", "text": "Facebook"}, {"id": "whatsapp", "text": "WhatsApp"}, {"id": "telegram", "text": "Telegram"}, {"id": "google_plus", "text": "Google+"}, {"id": "other", "text": "Inna"}]}, "M2.10": {"state_text": "Podejrzany skontaktował się z Tobą bezpośrednio?", "short_text": "Bezpośredni kontakt", "id": "direct_contact", "state_type": "yesno"}, "M2.11": {"state_text": "Czy możesz podać adres URL lub link do pobrania? Proszę pozostawić to pole puste, jeśli nie masz takich informacji.", "short_text": "Złośliwy adres URL (próba wyłudzenia danych osobowych, danych wrażliwych)", "id": "download_url", "state_type": "text"}, "M2.12": {"state_text": "Podaj krótki opis adresu URL lub pobranego pliku.", "short_text": "Opis zawartości złośliwej informacji (formy oszustwa internetowego)", "id": "download_description", "state_type": "text"}, "M2.13": {"state_text": "Podaj adres URL podany przez podejrzanego lub pozostaw to pole puste, jeśli nie masz takich informacji.", "short_text": "Adres URL", "id": "phishing_url", "state_type": "text"}, "M2.14": {"state_text": "O przekazanie jakich danych wrażliwych poproszono?", "short_text": "Przekazano dane wrażliwe", "state_type": "radio", "id": "phishing_data", "state_answers": [{"id": "user", "text": "Poświadczenie użytkownika"}, {"id": "banking", "text": "Poświadczenia bankowe"}, {"id": "other", "text": "Inna"}]}, "M2.15": {"state_text": "Podaj adres URL podany przez podejrzanego lub pozostaw to pole puste, jeśli nie masz takich informacji.", "short_text": "Podaj adres URL strony internetowej", "id": "custom_website_url", "state_type": "text"}, "ERROR": {"state_text": "Wystąpił błąd! Uruchom ponownie proces raportu.", "state_type": "error"}}