{"new_report": "Nowy raport", "continue": "Kontynuuj", "back": "Wstecz", "yes": "Tak", "no": "Nie", "pdf_download": "Dodaj PDF", "finish": "Zakończono", "submit": "Zatwierdź", "warning": "Wypełnij wszystkie wymagane pola", "field_warning": "Wypełnij to pole", "wrong_time_warning": "Wprowadź datę zdarzenia", "gdpr_accept": "Akceptuję", "gdpr_warning": "Wyrażam zgodę w oparciu o RODO", "crime_location_proposals": "TO BE TRANSLATED", "language_pref_proposals": "TO BE TRANSLATED", "residence_state_proposals": "TO BE TRANSLATED", "no_results": "TO BE TRANSLATED"}