{"M0.0": {"state_text": "Welkom bij de TAKEDOWN Rapporteringsadviseur. Deze toepassing zal u door het rapporteringsproces van de misdaad begeleiden. De rapportering gebeurt volledig anoniem. Alle gevraagde gegevens zullen worden gebruikt om u te helpen met het melden van een misdaad en een rapport te genereren dat kan gestuurd worden naar de competente politiediensten. Om u te voorzien van juiste en relevante informatie over de politiedienst die van toepassing is voor uw geval, zal de toepassing een geolocalisatie van uw IP-adres vragen. Deze gegevens worden onmiddellijk nadien gewist en niet bewaard in het systeem. <br><br>Voor meer information bekijk ook <a href='https://ec.europa.eu/info/law/law-topic/data-protection_en'>onze gegevensbeschermingsbeschrijving (in het Engels)</a>", "short_text": "Persoonsgegevensbeschermingsovereenkomst.", "id": "gdpr_agreement", "state_type": "gdpr", "state_answers": [{"id": "gdpr_agree", "text": "Ik begrijp dat de persoonsgegevens van andere personen niet mogen toegevoegd en gedeeld worden in deze rapporteringstoepassing Reporting Advisor, of in geen enkele andere sectie en toepassing van deze website."}]}, "M1.1": {"short_text": "Onmiddellijk gevaar", "id": "immediate_danger", "state_text": "Bent u in onmiddellijk gevaar en dient u de politie te verwittigen", "state_type": "yesno"}, "M1.2": {"state_text": "Vragenlijst voor de Melder", "state_type": "composed", "show_header": "false", "state_answers": [{"id": "reporter_age", "text": "Gelieve uw leeftijd op te geven.", "short_text": "Leeftijd", "type": "text"}, {"id": "reporter_residence", "text": "In welk land is uw woonplaats gevestigd?", "short_text": "Woonplaats", "type": "text"}, {"id": "reporter_gender", "type": "radio", "text": "Wat is uw geslacht?", "short_text": "Geslacht", "answers": [{"text": "Man", "short_text": "Man", "id": "male"}, {"text": "Vrouw", "short_text": "Vrouw", "id": "female"}, {"text": "Ander", "short_text": "Ander", "id": "other"}]}, {"id": "reporter_involvement", "type": "radio", "text": "Wat is uw rol in het misdadig incident?", "short_text": "Rol van de Melder", "answers": [{"text": "Ik ben slachtoffer van een misdaag", "short_text": "Slachtoffer", "id": "victim"}, {"text": "Ik ben melder in naam van het slachtoffer.", "short_text": "Melder in naam van het slachtoffer.", "id": "behalfReporter"}, {"text": "Ik heb het incident waargenomen.", "short_text": "Waarnemer", "id": "observer"}, {"text": "Ander", "short_text": "Ander", "id": "other"}]}]}, "M1.3": {"state_type": "police_call", "state_text": "Gelieve onmiddellijk de politie te contacteren."}, "M1.4": {"state_text": "Gelieve bij benadering het tijdstip van het vermoedelijke incident in te geven.", "id": "event_time", "short_text": "Tijd van het incident", "state_type": "datetime"}, "M1.5": {"state_text": "Hoe zou u het gebeurde verdachtte incident classeren?", "short_text": "Type van incident", "id": "event_category", "state_type": "checkbox", "state_answers": [{"id": "organized_crime", "text": "Georganiseerde misdaad"}, {"id": "terrorism", "text": "Terreur"}, {"id": "money_laundering", "text": "Witwassen"}, {"id": "corruption", "text": "Corruptie"}, {"id": "document_fraud", "text": "Document Fraude"}, {"id": "human_trafficking", "text": "Mensenhandel"}, {"id": "online_radicalization", "text": "Online Radicaliseren"}, {"id": "child_pornography", "text": "Kinderporno"}, {"id": "identity_theft", "text": "Identiteitsdiefstal - Phishing"}, {"id": "infection_of_systems", "text": "Malware - Ransomware - infecteren van IT-systemen"}, {"id": "cyber_abuse", "text": "Cyber Bullying - Misbruik"}, {"id": "cyber_fraud", "text": "Cyber Fraude"}, {"id": "other", "text": "Ander"}]}, "M1.6": {"state_text": "Kent u de verdachte persoonlijk?", "short_text": "Kennis van de verdachte", "id": "info_suspect", "state_type": "yesno"}, "M1.6a": {"state_text": "Kent u het slachtoffer van het vermoedelijke incident persoonlijk? Heeft u verdere informatie over hem / haar?", "short_text": "Kennis van het slachtoffer", "id": "info_victim", "state_type": "yesno"}, "M1.7": {"short_text": "Beschrijving van het incident", "state_text": "Gelieve ons een beschrijving te geven van wat er gebeurd is", "id": "event_description", "state_type": "description"}, "M1.8": {"state_type": "result"}, "M1.9": {"state_text": "Gelieve de plaats van het incident in te geven. U kan zowel precies als bij benadering de plaats opgeven.", "state_type": "composed", "show_header": "true", "state_answers": [{"id": "crime_loc_address", "text": "TO BE TRANSLATED", "short_text": "TO BE TRANSLATED", "type": "text"}, {"id": "crime_loc_country", "text": "TO BE TRANSLATED", "short_text": "TO BE TRANSLATED", "type": "text"}, {"id": "crime_loc_city", "text": "TO BE TRANSLATED", "short_text": "TO BE TRANSLATED", "type": "text"}, {"id": "crime_loc_postal", "text": "TO BE TRANSLATED", "short_text": "TO BE TRANSLATED", "type": "text"}]}, "M2.1": {"state_text": "Hoe heeft de verdachte u gecontacteerd?", "short_text": "Type van contact", "state_type": "radio", "id": "contact_type", "state_answers": [{"id": "email", "text": "email"}, {"id": "phone_sms", "text": "telefoon of sms"}, {"id": "sn_app", "text": "sociale netwerken of apps"}, {"id": "website", "text": "andere website"}, {"id": "software", "text": "andere toepassing"}, {"id": "other", "text": "Ander"}]}, "M2.2": {"state_text": "Gelieve aan te geven wanneer de email ontvangen is.", "short_text": "email ontvangen op (tijd)", "id": "email_time", "state_type": "datetime"}, "M2.3": {"state_text": "Gelieve het email adres van de (criminele) afzender in te geven.", "short_text": "afzender (van de email)", "id": "email_sender", "state_type": "text"}, "M2.4": {"state_text": "Gelieven het tijdstip van het telefonisch contact in te geven.", "short_text": "tijdstip van telefonisch contact", "id": "phone_time", "state_type": "datetime"}, "M2.5": {"state_text": "Gelieve het telefoonnummer in te geven van waar u gecontacteerd bent geworden.", "short_text": "telefoonnummer van de verdachte - verdacht telefoonnr", "id": "phone_number", "state_type": "text"}, "M2.6": {"state_text": "Wat werd u gevraagd te doen?", "short_text": "Vraag tot misstap - vraag met slechte bedoelingen", "state_type": "radio", "id": "request_type", "state_answers": [{"id": "download_open", "text": "Download bestand - open de bijlage"}, {"id": "link_sensible_data", "text": "Volg de link - lever gevoelige gegevens"}, {"id": "other", "text": "Ander"}]}, "M2.7": {"state_text": "Welke referentiemiddelen gebruikt de verdachte?", "short_text": "Referentie naar de misstap", "id": "request_reference", "state_type": "text"}, "M2.8": {"state_text": "Gelieve aan te geven hoe uw werd gecontacteerd (communicatiekanaal, toepassing of dienst)", "short_text": "Foute communicatiekanaal", "id": "communication_channel", "state_type": "text"}, "M2.9": {"state_text": "Via welk sociaal network contacteerde de verdachte u?", "short_text": "Contact social network", "state_type": "radio", "id": "sn_type", "state_answers": [{"id": "facebook", "text": "Facebook"}, {"id": "whatsapp", "text": "WhatsApp"}, {"id": "telegram", "text": "Telegram"}, {"id": "google_plus", "text": "Google+"}, {"id": "other", "text": "Ander"}]}, "M2.10": {"state_text": "Bent us rechtstreeks door de verdachte gecontacteerd?", "short_text": "direct contact", "id": "direct_contact", "state_type": "yesno"}, "M2.11": {"state_text": "Kan je de URL of download link hier plaatsen? Als je niet beschikt over een link, mag je het veld leeg laten.", "short_text": "foute URL - website met slechte bedoelingen", "id": "download_url", "state_type": "text"}, "M2.12": {"state_text": "Gelieve een korte beschrijving te geven van de payload - de URL of de gedownloade bestanden.", "short_text": "Beschrijving van de payload (de malware of inhoud van het bestand dat eventueel wordt gedownload)", "id": "download_description", "state_type": "text"}, "M2.13": {"state_text": "Gelieve de URL van de verdachtte hier te plaatsen. Anders mag u het veld leeg laten.", "short_text": "Phising URL", "id": "phishing_url", "state_type": "text"}, "M2.14": {"state_text": "Welke gevoelige data, confidentiële gegevens werd u gevraagd over te maken?", "short_text": "Gevoelige data", "state_type": "radio", "id": "phishing_data", "state_answers": [{"id": "user", "text": "Gebruikers"}, {"id": "banking", "text": "Bancaire gegevens - rekeninginformatie - financiële informatie"}, {"id": "other", "text": "Ander"}]}, "M2.15": {"state_text": "Gelieve de URL van de verdachtte hier te plaatsen. Anders mag u het veld leeg laten.", "short_text": "Gelieve de URL van de website in te geven.", "id": "custom_website_url", "state_type": "text"}, "ERROR": {"state_text": "Sorry, er heeft zich een fout voorgedaan. Kan je alsjeblieft de rapportering opnieuw opstarten?", "state_type": "error"}}