{"new_report": "Nieuw rapport", "continue": "Doorgaan", "back": "Terug", "yes": "Ja", "no": "Neen", "pdf_download": "Download PDF", "finish": "Klaar", "submit": "Opsturen", "warning": "Gelieve alle velden in te vullen.", "field_warning": "Gelieve dit veld in te vullen.", "wrong_time_warning": "Datum van het incident.", "gdpr_accept": "Aanvaarden.", "gdpr_warning": "Gelieve de persoonsgegevensbeschermingsovereenkomst te aanvaarden.", "crime_location_proposals": "TO BE TRANSLATED", "language_pref_proposals": "TO BE TRANSLATED", "residence_state_proposals": "TO BE TRANSLATED", "no_results": "TO BE TRANSLATED"}