{"new_report": "Νεα Αναφορά", "continue": "Συνέχεια", "back": "Πίσω", "yes": "Ναι", "no": "Όχι", "pdf_download": "Λήψη PDF", "finish": "Ολοκληρώθηκε", "submit": "Υποβολή", "warning": "Παρακαλώ συμπληρώστε όλα τα ζητούμενα πεδία", "field_warning": "Παρακαλώ συμπληρώστε το πεδίο", "wrong_time_warning": "Παρακαλώ εισάγετε την ημερομηνία που συνέβη το περιστατικό", "gdpr_accept": "Συμφωνώ", "gdpr_warning": "Παρακαλώ τσεκάρετε τον Κανονισμό Προστασίας Προσωπικών Δεδομένων - GDPR", "crime_location_proposals": "TO BE TRANSLATED", "language_pref_proposals": "TO BE TRANSLATED", "residence_state_proposals": "TO BE TRANSLATED", "no_results": "TO BE TRANSLATED"}