{"M0.0": {"state_text": "Καλώς ήρθατε στον Σύμβουλο Αναφοράς του Takedown.  Αυτό το εργαλείο θα σας καθοδηγήσει στη διαδικασία της αναφοράς ενός εγκλήματος. Η διαδικασία αναφοράς είναι πλήρως ανώνυμη. Οποιαδήποτε δεδομένα σας ζητηθούν θα χρησιμοποιηθούν για να σας βοηθήσουν να αναφέρετε ένα έγκλημα και να δημιουργήσετε μια αναφορά που θα μπορείτε να αποστείλετε στην αρμόδια αρχή επιβολής του νόμου. Για να σας υποδείξουμε την αρμόδια αρχή επιβολής νόμου που ταιριάζει στην περίπτωσή σας, αυτό το εργαλείο θα εντοπίσει τη διεύθυνση IP σας. Αυτά τα δεδομένα διαγράφονται αμέσως μετά και δεν διατηρούνται στο σύστημα.  Για περισσότερες πληροφορίες, βλ. <A href = \"https: //ec.europa.eu/info/law/law-topic/data -protection_en '> Όροι και Προϋποθέσεις </a>", "short_text": "Κανονισμός Προστασίας Προσωπικών Δεδομένων - GDPR", "id": "gdpr_agreement", "state_type": "gdpr", "state_answers": [{"id": "gdpr_agree", "text": "Κατανοώ ότι τα προσωπικά δεδομένα άλλων ανθρώπων δεν μπορούν να μεταφορτωθούν και να μοιραστούν μέσω αυτού του Συμβούλου Αναφοράς ή οποιασδήποτε από τις ενότητες και τα εργαλεία αυτού του ιστότοπου."}]}, "M1.1": {"short_text": "Άμεσος κίνδυνος", "id": "immediate_danger", "state_text": "Βρίσκεστε σε άμεσο κίνδυνο και πρέπει να καλέσετε την αστυνομία;", "state_type": "yesno"}, "M1.2": {"state_text": "Έρευνα Αναφοράς", "state_type": "composed", "show_header": "false", "state_answers": [{"id": "reporter_age", "text": "Παρακαλώ συμπληρώστε την ηλικία σας", "short_text": "Ηλικία", "type": "text"}, {"id": "reporter_residence", "text": "Ποια είναι η χώρα διαμονής σας", "short_text": "Διαμονή", "type": "text"}, {"id": "reporter_gender", "type": "radio", "text": "Παρακαλώ αναφέρατε το φύλο σας", "short_text": "Φύλο", "answers": [{"text": "Άρρεν", "short_text": "Άρρεν", "id": "male"}, {"text": "Θήλυ", "short_text": "Θήλυ", "id": "female"}, {"text": "Άλλο", "short_text": "Άλλο", "id": "other"}]}, {"id": "reporter_involvement", "type": "radio", "text": "Ποιος είναι ο ρόλος σας στο περιστατικό;", "short_text": "Ρόλος δηλούντος/δηλούσης", "answers": [{"text": "Είμαι θύμα μιας εγκληματικής ενέργειας", "short_text": "Θύμα", "id": "victim"}, {"text": "Καταγγέλω εκ μέρους του θύματος", "short_text": "Καταγγέλλων εκ μέρους του θύματος", "id": "behalfReporter"}, {"text": "Είμαι μάρτυρας μιας εγκληματικής ενέργειας", "short_text": "Παρατηρητής/Μάρτυρας", "id": "observer"}, {"text": "Άλλο", "short_text": "Άλλο", "id": "other"}]}]}, "M1.3": {"state_type": "police_call", "state_text": "Παρακαλώ επικοινωνήστε απευθείας με την αστυνομία"}, "M1.4": {"state_text": "Παρακαλώ προσδιορίστε κατά προσέγγιση την ώρα που συνέβη το ύποπτο συμβάν", "id": "event_time", "short_text": "Ώρα που συνέβη το περιστατικό", "state_type": "datetime"}, "M1.5": {"state_text": "Πως θα χαρακτηρίζατε το ύποπτο συμβάν;", "short_text": "Κατηγορία συμβάντος", "id": "event_category", "state_type": "checkbox", "state_answers": [{"id": "organized_crime", "text": "Οργανωμένο έγκλημα"}, {"id": "terrorism", "text": "Τρομοκρατία"}, {"id": "money_laundering", "text": "Ξέπλυμα χρήματος"}, {"id": "corruption", "text": "Διαφθορά"}, {"id": "document_fraud", "text": "Απάτη εγγράφων"}, {"id": "human_trafficking", "text": "Εμπόριο σαρκός"}, {"id": "online_radicalization", "text": "Διαδικτυακή ριζοσπαστικοποίηση (Online radicalization)"}, {"id": "child_pornography", "text": "Παιδική πορνογραφία"}, {"id": "identity_theft", "text": "Κλοπή ταυτότητας / ηλεκτρονικό \"ψάρεμα\" (phishing)"}, {"id": "infection_of_systems", "text": "Μόλυνση ηλεκτρονικού συστήματος με κακόβουλο λογισμικό"}, {"id": "cyber_abuse", "text": "Διαδικτυακός Εκφοβισμός (Cyber bullying)"}, {"id": "cyber_fraud", "text": "Διαδικτυακή Απάτη"}, {"id": "other", "text": "Άλλο"}]}, "M1.6": {"state_text": "Γνωρίζετε τον ύποπτο προσωπικά;", "short_text": "Στοιχεία υπόπτου", "id": "info_suspect", "state_type": "yesno"}, "M1.6a": {"state_text": "Γνωρίζετε το θύμα του συμβάντος προσωπικά; Έχετε κάποια επιπλέον πληροφορία για το θύμα;", "short_text": "Στοιχεία θύματος", "id": "info_victim", "state_type": "yesno"}, "M1.7": {"short_text": "Περιγραφή περιστατικού", "state_text": "Παρακαλώ περιγράψτε το τι έχει συμβεί", "id": "event_description", "state_type": "description"}, "M1.8": {"state_type": "result"}, "M1.9": {"state_text": "Παρακαλώ διευκρινίστε την τοποθεσία του περιστατικού. Μπορείτε να αναφέρετε κάποια διεύθυνση, ένα όνομα ή ακόμα και μια πιο γενική περιγραφή του τόπου όπου συνέβη το περιστατικό.", "state_type": "composed", "show_header": "true", "state_answers": [{"id": "crime_loc_address", "text": "TO BE TRANSLATED", "short_text": "TO BE TRANSLATED", "type": "text"}, {"id": "crime_loc_country", "text": "TO BE TRANSLATED", "short_text": "TO BE TRANSLATED", "type": "text"}, {"id": "crime_loc_city", "text": "TO BE TRANSLATED", "short_text": "TO BE TRANSLATED", "type": "text"}, {"id": "crime_loc_postal", "text": "TO BE TRANSLATED", "short_text": "TO BE TRANSLATED", "type": "text"}]}, "M2.1": {"state_text": "Πως επικοινώνησε μαζί σας ο/η ύποπτος/η;", "short_text": "Είδος Επικοινωνίας", "state_type": "radio", "id": "contact_type", "state_answers": [{"id": "email", "text": "Ηλεκτρονικό ταχυδρομείο (E-mail)"}, {"id": "phone_sms", "text": "Τηλέφωνο ή μήνυμα (sms)"}, {"id": "sn_app", "text": "Μέσο κοινωνικού δικτύου ή εφαρμογή"}, {"id": "website", "text": "Άλλη ιστοσελίδα"}, {"id": "software", "text": "Άλλο λογισμικό"}, {"id": "other", "text": "Άλλο"}]}, "M2.2": {"state_text": "Παρακαλώ αναφέρατε την ώρα παραλαβής του email", "short_text": "Ώρα παραλαβής email", "id": "email_time", "state_type": "datetime"}, "M2.3": {"state_text": "Παρακαλώ αναφέρατε τη διεύθυνση ηλεκτρονικού ταχυδρομείου του αποστολέα του κακόβουλου email", "short_text": "Αποστολέας email", "id": "email_sender", "state_type": "text"}, "M2.4": {"state_text": "Παρακαλώ συμπληρώστε την ώρα της τηλεφωνικής επικοινωνίας", "short_text": "Ώρα τηλεφωνικής επικοινωνίας", "id": "phone_time", "state_type": "datetime"}, "M2.5": {"state_text": "Παρακαλώ συμπληρώστε τον αριθμό τηλεφώνου απ'όπου σας κάλεσαν", "short_text": "Αριθμός τηλεφώνου υπόπτου", "id": "phone_number", "state_type": "text"}, "M2.6": {"state_text": "Τι σας ζητήθηκε να κάνετε;", "short_text": "Κακόβουλο αίτημα", "state_type": "radio", "id": "request_type", "state_answers": [{"id": "download_open", "text": "Λήψη αρχείου - άνοιγμα συνημμένου αρχείου"}, {"id": "link_sensible_data", "text": "Επιλογή συνδέσμου (link) - παραχώρηση ευαίσθητων δεδομένων"}, {"id": "other", "text": "Άλλο"}]}, "M2.7": {"state_text": "Ποιες αναφορές χρησιμοποίησε ο ύποπτος;", "short_text": "Κακόβουλη/κακοήθης αναφορά", "id": "request_reference", "state_type": "text"}, "M2.8": {"state_text": "Παρακαλώ αναφέρατε τους τρόπους επικοινωνίας μαζί σας (λογισμικό σύστηματος επικοινωνίας ή υπηρεσίες)", "short_text": "Κακόβουλο κανάλι επικοινωνίας", "id": "communication_channel", "state_type": "text"}, "M2.9": {"state_text": "Μέσω ποιου κοινωνικού δικτύου επικοινώνησε μαζί σας ο ύποπτος;", "short_text": "Contact social network", "state_type": "radio", "id": "sn_type", "state_answers": [{"id": "facebook", "text": "Facebook"}, {"id": "whatsapp", "text": "WhatsApp"}, {"id": "telegram", "text": "Telegram"}, {"id": "google_plus", "text": "Google+"}, {"id": "other", "text": "Άλλο"}]}, "M2.10": {"state_text": "Σας έχει πλησιάσει ο ύποπτος απευθείας;", "short_text": "Απευθείας επαφή", "id": "direct_contact", "state_type": "yesno"}, "M2.11": {"state_text": "Μπορείτε να αναφέρετε την URL διεύθυνση ή κάποιον σύνδεσμο λήψης; \nΠαρακαλώ, αφήστε αυτό το πεδίο κενό αν δεν γνωρίζετε αυτήν την πληροφορία.", "short_text": "Κακόβουλο URL", "id": "download_url", "state_type": "text"}, "M2.12": {"state_text": "Παρακαλώ κάντε μια σύντομη περιγραφή της διεύθυνσης URL ή του αρχείου που κάνατε λήψη.", "short_text": "Περιγραφή φορτίου (payload)", "id": "download_description", "state_type": "text"}, "M2.13": {"state_text": "Παρακαλώ αναφέρατε τη διεύθυνση URL που σας εστάλη από τον ύποπτο ή αφήστε αυτό το πεδίο κενό αν δεν γνωρίζετε αυτήν την πληροφορία.", "short_text": "Διεύθυνση ηλεκτρονικού \"ψαρέματος\" (Phishing URL)", "id": "phishing_url", "state_type": "text"}, "M2.14": {"state_text": "Τι είδους ευαίσθητα δεδομένα σας ζητήθηκε να υποβάλετε;", "short_text": "Αναφορά ευαίσθητων δεδομένων", "state_type": "radio", "id": "phishing_data", "state_answers": [{"id": "user", "text": "Διαπιστευτήρια σύνδεσης χρήστη (user credentials)"}, {"id": "banking", "text": "Διαπιστευτήρια σύνδεσης τραπεζικού λογαριασμού (banking credentials)"}, {"id": "other", "text": "Άλλο"}]}, "M2.15": {"state_text": "Παρακαλώ αναφέρατε τη διεύθυνση URL που σας εστάλη από τον ύποπτο ή αφήστε αυτό το πεδίο κενό αν δεν γνωρίζετε αυτήν την πληροφορία.", "short_text": "Παρακαλώ συμπληρώστε τη διεύθυνση URL της ιστοσελίδας", "id": "custom_website_url", "state_type": "text"}, "ERROR": {"state_text": "Προέκυψε σφάλμα! Παρακαλώ ξεκινήστε ξανά τη διαδικασία υποβολής αναφοράς.", "state_type": "error"}}