{"new_report": "Nuovo Report", "continue": "Continua", "back": "Indietro", "yes": "Si", "no": "No", "pdf_download": "Scarica PDF", "finish": "Fatto", "submit": "Invia", "warning": "Per favore completare i campi richiesti", "field_warning": "Per favore completare il campo", "wrong_time_warning": "Per favore, indicare la data dell'evento/incidente sospetto", "gdpr_accept": "Accetto", "gdpr_warning": "Per favore accettare le norme contenute nel GDPR", "crime_location_proposals": "Proposta di aiuto sulla base del luogo del crimine", "language_pref_proposals": "Proposta di aiuto sulla base del linguaggio", "residence_state_proposals": "Proposta di aiuto sulla base del luogo dello stato di residenza", "no_results": "Nessun risultato"}