{"M0.0": {"state_text": "Benvenuti nel TAKEDOWN Reporting Advisor attraverso il quale segnalare/riportare attività criminali. L'attività di segnalazione/documentazione di attività criminali è completamente anonima. Ogni informazione riportata attraverso il presente strumento servirà per creare un documento relativo all'attività criminale segnalata da inviare all'autorità di polizia o giudiziaria competente. Al fine di individuare l'autorità di polizia o giudiziaria competente questo strumento geolocalizzerà il tuo indirizzo IP. Tale informazione sarà immediatamente eliminata al termine dell'operazione di documentazione. per maggiori informazioni, vedi <a href='https://ec.europa.eu/info/law/law-topic/data-protection_en'>Terms and Conditions</a>", "short_text": "GDPR Regolamento", "id": "gdpr_agreement", "state_type": "gdpr", "state_answers": [{"id": "gdpr_agree", "text": "Sono consapevole che nessuna informazione personale relativa ad un altro individuo verrà raccolta e condivisa attraverso questo strumento e nemmeno tramite questo sito web."}]}, "M1.1": {"short_text": "Pericolo immediato", "id": "immediate_danger", "state_text": "Ti trovi in pericolo immediato e devi contattare la polizia?", "state_type": "yesno"}, "M1.2": {"state_text": "Informazioni su chi segnala/riporta l'attività criminale sospetta", "state_type": "composed", "show_header": "false", "state_answers": [{"id": "reporter_age", "text": "Per favore, indica la tua età", "short_text": "Età", "type": "text"}, {"id": "reporter_residence", "text": "Quale è il tuo Paese di residenza", "short_text": "Residenza", "type": "text"}, {"id": "reporter_gender", "type": "radio", "text": "Per favore indicare il tuo sesso", "short_text": "Genere", "answers": [{"text": "Maschio", "short_text": "Maschio", "id": "male"}, {"text": "Femmina", "short_text": "Femmina", "id": "female"}, {"text": "Altro", "short_text": "Altro", "id": "other"}]}, {"id": "reporter_involvement", "type": "radio", "text": "Quale è il tuo ruolo con riferimento all'attività criminale sospetta che intendi riportare?", "short_text": "Ruolo di chi riporta l'attività criminale sospetta", "answers": [{"text": "Sono vittima di un'attività criminale", "short_text": "Vittima", "id": "victim"}, {"text": "Riporto per conto della vittima", "short_text": "Segnalatore per conto della vittima", "id": "behalfReporter"}, {"text": "Sono osservatore/testimone  di un'attività criminale", "short_text": "Osservatore/Testimone", "id": "observer"}, {"text": "Altro", "short_text": "Altro", "id": "other"}]}]}, "M1.3": {"state_type": "police_call", "state_text": "Per favore, contatti direttamente l'autorità di polizia o giudiziaria"}, "M1.4": {"state_text": "Si prega di specificare l'ora approssimativa dell'evento sospetto.", "id": "event_time", "short_text": "Orario in cui si è verificata l'attività criminale", "state_type": "datetime"}, "M1.5": {"state_text": "In quale categoria collocheresti l'evento sospetto che ha avuto luogo?", "short_text": "Categoria dell'evento", "id": "event_category", "state_type": "checkbox", "state_answers": [{"id": "organized_crime", "text": "Criminalitá organizzata"}, {"id": "terrorism", "text": "Terrorismo"}, {"id": "money_laundering", "text": "Riciclaggio di denaro"}, {"id": "corruption", "text": "Corruzione"}, {"id": "document_fraud", "text": "Frode di documenti"}, {"id": "human_trafficking", "text": "Tratta di esseri umani"}, {"id": "online_radicalization", "text": "Radicalizzazione online"}, {"id": "child_pornography", "text": "Pornografia infantile"}, {"id": "identity_theft", "text": "Furto d'identità / Phishing"}, {"id": "infection_of_systems", "text": "Infezione di sistemi con malware"}, {"id": "cyber_abuse", "text": "Bullismo / abuso informatico"}, {"id": "cyber_fraud", "text": "Frode Informatica"}, {"id": "other", "text": "Altro"}]}, "M1.6": {"state_text": "Conosci il/la sospettato/a personalmente?", "short_text": "Conoscenza del sospettato/a", "id": "info_suspect", "state_type": "yesno"}, "M1.6a": {"state_text": "Conosci personalmente la vittima dell'evento sospetto? Hai ulteriori informazioni sulla vittima?", "short_text": "Conoscenza della/e vittima/e", "id": "info_victim", "state_type": "yesno"}, "M1.7": {"short_text": "Descrizione dell'incidente/evento sospetto", "state_text": "Si prega di fornire una descrizione sull'accaduto", "id": "event_description", "state_type": "description"}, "M1.8": {"state_type": "result"}, "M1.9": {"state_text": "Si prega di specificare la posizione della sospetta attività criminale. Puoi specificare un indirizzo o indicare un luogo più generale.", "state_type": "composed", "show_header": "true", "state_answers": [{"id": "crime_loc_address", "text": "Indirizzo", "short_text": "Indirizzo del luogo del crimine", "type": "text"}, {"id": "crime_loc_country", "text": "Nazione", "short_text": "Nazione del luogo del crimine", "type": "text"}, {"id": "crime_loc_city", "text": "Citta'", "short_text": "Citta' dell luogo del crimine", "type": "text"}, {"id": "crime_loc_postal", "text": "Codice avviamento postale (C.A.P.)", "short_text": "Codice avviamento postale (C.A.P.) relativo al luovo del crimine", "type": "text"}]}, "M2.1": {"state_text": "Come ti ha contattato il sospettato?", "short_text": "Tipo di contatto", "state_type": "radio", "id": "contact_type", "state_answers": [{"id": "email", "text": "Per e-mail"}, {"id": "phone_sms", "text": "Per SMS or Telefonicamente"}, {"id": "sn_app", "text": "Tramite reti sociali o App"}, {"id": "website", "text": "Altri siti web"}, {"id": "software", "text": "Altri software"}, {"id": "other", "text": "Altro"}]}, "M2.2": {"state_text": "Si prega di specificare l'ora di recezione dell'email", "short_text": "Data di ricezione dell'e-mail", "id": "email_time", "state_type": "datetime"}, "M2.3": {"state_text": "Si prega di specificare l'indirizzo e-mail del mittente malintenzionato", "short_text": "Mittente dell'email", "id": "email_sender", "state_type": "text"}, "M2.4": {"state_text": "Si prega di specificare l'ora del contatto telefonico (della chiamata)", "short_text": "Data della contatto telefonico (della chiamata)", "id": "phone_time", "state_type": "datetime"}, "M2.5": {"state_text": "Si prega di specificare il numero di telefono dal quale siete stati contattati", "short_text": "Numero di telefono della persona sospettata", "id": "phone_number", "state_type": "text"}, "M2.6": {"state_text": "Cosa ti è stato chiesto di fare?", "short_text": "Richiesta malevola (dolosa)", "state_type": "radio", "id": "request_type", "state_answers": [{"id": "download_open", "text": "Scarica un file - apri l'allegato"}, {"id": "link_sensible_data", "text": "Segui un collegamento (link): fornisci dati sensibili"}, {"id": "other", "text": "Altro"}]}, "M2.7": {"state_text": "Quali riferimenti ha usato il sospetto?", "short_text": "Riferimento malevolo", "id": "request_reference", "state_type": "text"}, "M2.8": {"state_text": "Si prega di specificare come si é stati contattati (mediante utilizzo di software o altri tipi di servizi)", "short_text": "Canale di comunicazione malevolo", "id": "communication_channel", "state_type": "text"}, "M2.9": {"state_text": "Attraverso quale Social Network/Media il sospettato ti ha contattato?", "short_text": "Contact social network", "state_type": "radio", "id": "sn_type", "state_answers": [{"id": "facebook", "text": "Facebook"}, {"id": "whatsapp", "text": "WhatsApp"}, {"id": "telegram", "text": "Telegram"}, {"id": "google_plus", "text": "Google+"}, {"id": "other", "text": "Altro"}]}, "M2.10": {"state_text": "Sei stato contattato direttamente dal sospettato?", "short_text": "Contatto diretto", "id": "direct_contact", "state_type": "yesno"}, "M2.11": {"state_text": "Puoi fornire un URL o un link per il download? Si prega di lasciare questo campo vuoto se non si dispone di tali informazioni.", "short_text": "URL malevolo", "id": "download_url", "state_type": "text"}, "M2.12": {"state_text": "Si prega di fornire una breve descrizione dell'URL o del file scaricato.", "short_text": "Descrizione del contenuto", "id": "download_description", "state_type": "text"}, "M2.13": {"state_text": "Si prega di specificare l'URL fornito dal sospettato. Si prega di lasciare questo campo vuoto se non si dispone di tale informazione.", "short_text": "URL a scopo di Phishing", "id": "phishing_url", "state_type": "text"}, "M2.14": {"state_text": "Che tipo di dati sensibili ti é stato chiesto di fornire?", "short_text": "Dati sensibili forniti", "state_type": "radio", "id": "phishing_data", "state_answers": [{"id": "user", "text": "Credenziali utente"}, {"id": "banking", "text": "Dati/coordinate bancarie"}, {"id": "other", "text": "Altro"}]}, "M2.15": {"state_text": "Si prega di specificare l'URL fornito dal sospettato. Si prega di lasciare questo campo vuoto se non si dispone di tale informazione.", "short_text": "Si prega di fornire l'URL (il link) del sito web", "id": "custom_website_url", "state_type": "text"}, "ERROR": {"state_text": "Si é verificato un errore! Si prega di ripetere la procedura di segnalazione.", "state_type": "error"}}